Date,CADINR
01-01-2020 23:58,54.89393
02-01-2020 23:58,54.89223
03-01-2020 23:58,55.12091
04-01-2020 23:58,55.12091
05-01-2020 23:58,55.12091
06-01-2020 23:58,55.3799
07-01-2020 23:58,55.19479
08-01-2020 23:58,54.7981
09-01-2020 23:58,54.46264
10-01-2020 23:58,54.30502
11-01-2020 23:58,54.32026
12-01-2020 23:58,53.4651
13-01-2020 23:58,54.10691
14-01-2020 23:58,54.17575
15-01-2020 23:58,54.18058
16-01-2020 23:58,54.3707
17-01-2020 23:58,54.31676
18-01-2020 23:58,54.31676
19-01-2020 23:58,54.31676
20-01-2020 23:58,54.40039
21-01-2020 23:58,54.39009
22-01-2020 23:58,54.03385
23-01-2020 23:58,54.32144
24-01-2020 23:58,54.20721
25-01-2020 23:58,54.20721
26-01-2020 23:58,54.20721
27-01-2020 23:58,54.11729
28-01-2020 23:58,54.06221
29-01-2020 23:58,53.97919
30-01-2020 23:58,54.11521
31-01-2020 23:58,54.00882
01-02-2020 23:58,54.00882
02-02-2020 23:58,54.00882
03-02-2020 23:58,53.59368
04-02-2020 23:58,53.493
05-02-2020 23:58,53.53347
06-02-2020 23:58,53.54534
07-02-2020 23:58,53.69085
08-02-2020 23:58,53.69085
09-02-2020 23:58,53.69085
10-02-2020 23:58,53.46798
11-02-2020 23:58,53.58211
12-02-2020 23:58,53.7337
13-02-2020 23:58,53.71341
14-02-2020 23:58,53.91416
15-02-2020 23:58,53.91416
16-02-2020 23:58,53.91416
17-02-2020 23:58,53.83749
18-02-2020 23:58,53.95209
19-02-2020 23:58,54.09778
20-02-2020 23:58,54.00259
21-02-2020 23:58,54.27804
22-02-2020 23:58,54.27804
23-02-2020 23:58,54.27804
24-02-2020 23:58,54.07859
25-02-2020 23:58,54.06267
26-02-2020 23:58,53.59518
27-02-2020 23:58,53.47612
28-02-2020 23:58,54.09255
29-02-2020 23:58,54.09255
01-03-2020 23:58,54.09255
02-03-2020 23:58,54.63453
03-03-2020 23:58,54.54436
04-03-2020 23:58,54.89569
05-03-2020 23:58,54.80855
06-03-2020 23:58,55.07919
07-03-2020 23:58,55.07919
08-03-2020 23:58,55.07919
09-03-2020 23:58,54.26929
10-03-2020 23:58,53.951
11-03-2020 23:58,53.43918
12-03-2020 23:58,53.42966
13-03-2020 23:58,53.4227
14-03-2020 23:58,53.4227
15-03-2020 23:58,53.4227
16-03-2020 23:58,52.77678
17-03-2020 23:58,51.95915
18-03-2020 23:58,51.55549
19-03-2020 23:58,51.51731
20-03-2020 23:58,52.5569
21-03-2020 23:58,52.60084
22-03-2020 23:58,52.60084
23-03-2020 23:58,52.6599
24-03-2020 23:58,52.83725
25-03-2020 23:58,53.67352
26-03-2020 23:58,53.29456
27-03-2020 23:58,53.91425
28-03-2020 23:58,53.91425
29-03-2020 23:58,53.92926
30-03-2020 23:58,53.12581
31-03-2020 23:58,53.4522
01-04-2020 23:58,53.91972
02-04-2020 23:58,54.01069
03-04-2020 23:58,53.60035
04-04-2020 23:58,53.67784
05-04-2020 23:58,53.67784
06-04-2020 23:58,53.78713
07-04-2020 23:58,53.91733
08-04-2020 23:58,54.17164
09-04-2020 23:58,54.53903
10-04-2020 23:58,54.53901
11-04-2020 23:58,54.53901
12-04-2020 23:58,54.53901
13-04-2020 23:58,53.64279
14-04-2020 23:58,54.71598
15-04-2020 23:58,54.16476
16-04-2020 23:58,54.65887
17-04-2020 23:58,54.58199
18-04-2020 23:58,54.60999
19-04-2020 23:58,54.60999
20-04-2020 23:58,54.1821
21-04-2020 23:58,54.18928
22-04-2020 23:58,53.81341
23-04-2020 23:58,53.89505
24-04-2020 23:58,54.0573
25-04-2020 23:58,54.0573
26-04-2020 23:58,54.0573
27-04-2020 23:58,54.26132
28-04-2020 23:58,54.35569
29-04-2020 23:58,54.32721
30-04-2020 23:58,53.81214
01-05-2020 23:58,53.81461
02-05-2020 23:58,53.81461
03-05-2020 23:58,53.81461
04-05-2020 23:58,53.66111
05-05-2020 23:58,53.86129
06-05-2020 23:58,53.67222
07-05-2020 23:58,54.19902
08-05-2020 23:58,54.18483
09-05-2020 23:58,54.18483
10-05-2020 23:58,54.18483
11-05-2020 23:58,54.07178
12-05-2020 23:58,53.25424
13-05-2020 23:58,53.43389
14-05-2020 23:58,53.74428
15-05-2020 23:58,53.68073
16-05-2020 23:58,53.68073
17-05-2020 23:58,53.68073
18-05-2020 23:58,54.1831
19-05-2020 23:58,54.26515
20-05-2020 23:58,54.27864
21-05-2020 23:58,54.18162
22-05-2020 23:58,54.19456
23-05-2020 23:58,54.19456
24-05-2020 23:58,54.19456
25-05-2020 23:58,54.25495
26-05-2020 23:58,54.68729
27-05-2020 23:58,55.13722
28-05-2020 23:58,54.90237
29-05-2020 23:58,54.83801
30-05-2020 23:58,54.83801
31-05-2020 23:58,54.83801
01-06-2020 23:58,55.53556
02-06-2020 23:58,55.54034
03-06-2020 23:58,55.77753
04-06-2020 23:58,55.82352
05-06-2020 23:58,56.25227
06-06-2020 23:58,56.25227
07-06-2020 23:58,56.25227
08-06-2020 23:58,56.34515
09-06-2020 23:58,56.19564
10-06-2020 23:58,56.30256
11-06-2020 23:58,55.65255
12-06-2020 23:58,55.91994
13-06-2020 23:58,55.91994
14-06-2020 23:58,55.91994
15-06-2020 23:58,56.08274
16-06-2020 23:58,56.30511
17-06-2020 23:58,56.13402
18-06-2020 23:58,56.15501
19-06-2020 23:58,55.99968
20-06-2020 23:58,55.99968
21-06-2020 23:58,55.99968
22-06-2020 23:58,56.07616
23-06-2020 23:58,55.68426
24-06-2020 23:58,55.40539
25-06-2020 23:58,55.33624
26-06-2020 23:58,55.19843
27-06-2020 23:58,55.19843
28-06-2020 23:58,55.19843
29-06-2020 23:58,55.24133
30-06-2020 23:58,55.59844
01-07-2020 23:58,55.46258
02-07-2020 23:58,55.03312
03-07-2020 23:58,55.03084
04-07-2020 23:58,55.03084
05-07-2020 23:58,55.03084
06-07-2020 23:58,55.07324
07-07-2020 23:58,54.9354
08-07-2020 23:58,55.39552
09-07-2020 23:58,55.28963
10-07-2020 23:58,55.2523
11-07-2020 23:58,55.29573
12-07-2020 23:58,54.59738
13-07-2020 23:58,55.21207
14-07-2020 23:58,55.39666
15-07-2020 23:58,55.56136
16-07-2020 23:58,55.34791
17-07-2020 23:58,55.11406
18-07-2020 23:58,55.11406
19-07-2020 23:58,55.11406
20-07-2020 23:58,55.21258
21-07-2020 23:58,55.37618
22-07-2020 23:58,55.55856
23-07-2020 23:58,55.76015
24-07-2020 23:58,55.67259
25-07-2020 23:58,55.67259
26-07-2020 23:58,55.67259
27-07-2020 23:58,56.02574
28-07-2020 23:58,55.939
29-07-2020 23:58,56.12373
30-07-2020 23:58,55.77357
31-07-2020 23:58,55.81603
01-08-2020 23:58,55.81603
02-08-2020 23:58,55.81603
03-08-2020 23:58,56.07498
04-08-2020 23:58,56.39805
05-08-2020 23:58,56.34033
06-08-2020 23:58,56.18185
07-08-2020 23:58,56.002
08-08-2020 23:58,55.48754
09-08-2020 23:58,55.99924
10-08-2020 23:58,56.01595
11-08-2020 23:58,56.00996
12-08-2020 23:58,56.43036
13-08-2020 23:58,56.5366
14-08-2020 23:58,56.41148
15-08-2020 23:58,56.41148
16-08-2020 23:58,56.41148
17-08-2020 23:58,56.4794
18-08-2020 23:58,56.62617
19-08-2020 23:58,56.59486
20-08-2020 23:58,56.89971
21-08-2020 23:58,56.79825
22-08-2020 23:58,56.79825
23-08-2020 23:58,56.79825
24-08-2020 23:58,56.0622
25-08-2020 23:58,56.32462
26-08-2020 23:58,56.43083
27-08-2020 23:58,56.26809
28-08-2020 23:58,55.77491
29-08-2020 23:58,55.77491
30-08-2020 23:58,55.77491
31-08-2020 23:58,56.13907
01-09-2020 23:58,55.87004
02-09-2020 23:58,56.11076
03-09-2020 23:58,55.79902
04-09-2020 23:58,56.05846
05-09-2020 23:58,56.05846
06-09-2020 23:58,56.05846
07-09-2020 23:58,56.0323
08-09-2020 23:58,55.67969
09-09-2020 23:58,55.6867
10-09-2020 23:58,55.62798
11-09-2020 23:58,55.67924
12-09-2020 23:58,55.67924
13-09-2020 23:58,55.67924
14-09-2020 23:58,55.63727
15-09-2020 23:58,55.7333
16-09-2020 23:58,55.75563
17-09-2020 23:58,55.92242
18-09-2020 23:58,55.64011
19-09-2020 23:58,55.64011
20-09-2020 23:58,55.64011
21-09-2020 23:58,55.2645
22-09-2020 23:58,55.22648
23-09-2020 23:58,54.91652
24-09-2020 23:58,55.29654
25-09-2020 23:58,54.99502
26-09-2020 23:58,54.99502
27-09-2020 23:58,54.99502
28-09-2020 23:58,55.17555
29-09-2020 23:58,55.05746
30-09-2020 23:58,55.22656
01-10-2020 23:58,55.0746
02-10-2020 23:58,55.04939
03-10-2020 23:58,55.04939
04-10-2020 23:58,55.10073
05-10-2020 23:58,55.07626
06-10-2020 23:58,55.07214
07-10-2020 23:58,55.25636
08-10-2020 23:58,55.51063
09-10-2020 23:58,55.61586
10-10-2020 23:58,55.61586
11-10-2020 23:58,55.66742
12-10-2020 23:58,55.8887
13-10-2020 23:58,55.81392
14-10-2020 23:58,55.68117
15-10-2020 23:58,55.46298
16-10-2020 23:58,55.63284
17-10-2020 23:58,55.63284
18-10-2020 23:58,55.63284
19-10-2020 23:58,55.57166
20-10-2020 23:58,55.9265
21-10-2020 23:58,55.90533
22-10-2020 23:58,56.02358
23-10-2020 23:58,56.21394
24-10-2020 23:58,56.21394
25-10-2020 23:58,56.26709
26-10-2020 23:58,55.95681
27-10-2020 23:58,55.76411
28-10-2020 23:58,55.71727
29-10-2020 23:58,55.81042
30-10-2020 23:58,55.91766
31-10-2020 23:58,55.96922
01-11-2020 23:58,55.96922
02-11-2020 23:58,56.30881
03-11-2020 23:58,56.89232
04-11-2020 23:58,56.59259
05-11-2020 23:58,56.44796
06-11-2020 23:58,56.59044
07-11-2020 23:58,56.59044
08-11-2020 23:58,56.59044
09-11-2020 23:58,56.86886
10-11-2020 23:58,56.96189
11-11-2020 23:58,56.96817
12-11-2020 23:58,56.79705
13-11-2020 23:58,56.68518
14-11-2020 23:58,56.68518
15-11-2020 23:58,56.68518
16-11-2020 23:58,56.79893
17-11-2020 23:58,56.77532
18-11-2020 23:58,56.59685
19-11-2020 23:58,56.58468
20-11-2020 23:58,56.55807
21-11-2020 23:58,56.6096
22-11-2020 23:58,56.55807
23-11-2020 23:58,56.73075
24-11-2020 23:58,56.94515
25-11-2020 23:58,56.68872
26-11-2020 23:58,56.66158
27-11-2020 23:58,56.83693
28-11-2020 23:58,56.83693
29-11-2020 23:58,56.83693
30-11-2020 23:58,56.90889
01-12-2020 23:58,56.77313
02-12-2020 23:58,57.05678
03-12-2020 23:58,57.36354
04-12-2020 23:58,57.65115
05-12-2020 23:58,57.65115
06-12-2020 23:58,57.65115
07-12-2020 23:58,57.59625
08-12-2020 23:58,57.47167
09-12-2020 23:58,57.44022
10-12-2020 23:58,57.80843
11-12-2020 23:58,57.71096
12-12-2020 23:58,57.71096
13-12-2020 23:58,57.71096
14-12-2020 23:58,57.66195
15-12-2020 23:58,57.86765
16-12-2020 23:58,57.71559
17-12-2020 23:58,57.71644
18-12-2020 23:58,57.4824
19-12-2020 23:58,57.4824
20-12-2020 23:58,57.4824
21-12-2020 23:58,57.55601
22-12-2020 23:58,57.23324
23-12-2020 23:58,57.42647
24-12-2020 23:58,57.11345
25-12-2020 23:58,57.0984
26-12-2020 23:58,57.0984
27-12-2020 23:58,57.0984
28-12-2020 23:58,57.21167
29-12-2020 23:58,57.21854
30-12-2020 23:58,57.35153
31-12-2020 23:58,57.30957
01-01-2021 23:58,57.36157
02-01-2021 23:58,57.36157
03-01-2021 23:58,57.36157
04-01-2021 23:58,57.12096
05-01-2021 23:58,57.64741
06-01-2021 23:58,57.69306
07-01-2021 23:58,57.85891
08-01-2021 23:58,57.73721
09-01-2021 23:58,57.75121
10-01-2021 23:58,57.75121
11-01-2021 23:58,57.46935
12-01-2021 23:58,57.55649
13-01-2021 23:58,57.56818
14-01-2021 23:58,57.73749
15-01-2021 23:58,57.36298
16-01-2021 23:58,57.20598
17-01-2021 23:58,57.20598
18-01-2021 23:58,57.35262
19-01-2021 23:58,57.47615
20-01-2021 23:58,57.69072
21-01-2021 23:58,57.63109
22-01-2021 23:58,57.26027
23-01-2021 23:58,57.31313
24-01-2021 23:58,57.31313
25-01-2021 23:58,57.23946
26-01-2021 23:58,57.39111
27-01-2021 23:58,56.92516
28-01-2021 23:58,56.80355
29-01-2021 23:58,57.01629
30-01-2021 23:58,57.01212
31-01-2021 23:58,57.01922
01-02-2021 23:58,56.8656
02-02-2021 23:58,56.96421
03-02-2021 23:58,56.92784
04-02-2021 23:58,56.8451
05-02-2021 23:58,56.99676
06-02-2021 23:58,56.99676
07-02-2021 23:58,56.99676
08-02-2021 23:58,57.19329
09-02-2021 23:58,57.32755
10-02-2021 23:58,57.28535
11-02-2021 23:58,57.18021
12-02-2021 23:58,57.15558
13-02-2021 23:58,57.15558
14-02-2021 23:58,57.15558
15-02-2021 23:58,57.42026
16-02-2021 23:58,57.27875
17-02-2021 23:58,57.25154
18-02-2021 23:58,57.20614
19-02-2021 23:58,57.47234
20-02-2021 23:58,57.43007
21-02-2021 23:58,57.46629
22-02-2021 23:58,57.40481
23-02-2021 23:58,57.43546
24-02-2021 23:58,57.82469
25-02-2021 23:58,57.63949
26-02-2021 23:58,57.97583
27-02-2021 23:58,57.97583
28-02-2021 23:58,57.97583
01-03-2021 23:58,58.00293
02-03-2021 23:58,57.92548
03-03-2021 23:58,57.55966
04-03-2021 23:58,57.62821
05-03-2021 23:58,57.78507
06-03-2021 23:58,57.78507
07-03-2021 23:58,57.78507
08-03-2021 23:58,57.87776
09-03-2021 23:58,57.52238
10-03-2021 23:58,57.57613
11-03-2021 23:58,57.96364
12-03-2021 23:58,58.21209
13-03-2021 23:58,58.21209
14-03-2021 23:58,58.23707
15-03-2021 23:58,58.06417
16-03-2021 23:58,58.2184
17-03-2021 23:58,58.51216
18-03-2021 23:58,58.14137
19-03-2021 23:58,57.86698
20-03-2021 23:58,57.86698
21-03-2021 23:58,57.86623
22-03-2021 23:58,57.75392
23-03-2021 23:58,57.57028
24-03-2021 23:58,57.65715
25-03-2021 23:58,57.55761
26-03-2021 23:58,57.68982
27-03-2021 23:58,57.68982
28-03-2021 23:58,57.68982
29-03-2021 23:58,57.71645
30-03-2021 23:58,58.12677
31-03-2021 23:58,58.16132
01-04-2021 23:58,58.38555
02-04-2021 23:58,58.39185
03-04-2021 23:58,58.39185
04-04-2021 23:58,58.39185
05-04-2021 23:58,58.27796
06-04-2021 23:58,58.39834
07-04-2021 23:58,58.90676
08-04-2021 23:58,59.30466
09-04-2021 23:58,59.57716
10-04-2021 23:58,59.62349
11-04-2021 23:58,59.62349
12-04-2021 23:58,59.64683
13-04-2021 23:58,59.91166
14-04-2021 23:58,59.9118
15-04-2021 23:58,59.50988
16-04-2021 23:58,59.54957
17-04-2021 23:58,59.5437
18-04-2021 23:58,59.5437
19-04-2021 23:58,59.72071
20-04-2021 23:58,59.72768
21-04-2021 23:58,60.27455
22-04-2021 23:58,60.02729
23-04-2021 23:58,60.00265
24-04-2021 23:58,60.00765
25-04-2021 23:58,60.00765
26-04-2021 23:58,60.25002
27-04-2021 23:58,60.06854
28-04-2021 23:58,60.49384
29-04-2021 23:58,60.30028
30-04-2021 23:58,60.19066
01-05-2021 23:58,60.2247
02-05-2021 23:58,60.2247
03-05-2021 23:58,60.05673
04-05-2021 23:58,59.91272
05-05-2021 23:58,60.10428
06-05-2021 23:58,60.49577
07-05-2021 23:58,60.37524
08-05-2021 23:58,60.34724
09-05-2021 23:58,60.34724
10-05-2021 23:58,60.71973
11-05-2021 23:58,60.57939
12-05-2021 23:58,60.62098
13-05-2021 23:58,60.29392
14-05-2021 23:58,60.48974
15-05-2021 23:58,60.48974
16-05-2021 23:58,60.48974
17-05-2021 23:58,60.73559
18-05-2021 23:58,60.51096
19-05-2021 23:58,60.2912
20-05-2021 23:58,60.47393
21-05-2021 23:58,60.30697
22-05-2021 23:58,60.30697
23-05-2021 23:58,60.30697
24-05-2021 23:58,60.39225
25-05-2021 23:58,60.28509
26-05-2021 23:58,59.89952
27-05-2021 23:58,60.16042
28-05-2021 23:58,59.92148
29-05-2021 23:58,59.92148
30-05-2021 23:58,59.92148
31-05-2021 23:58,60.07913
01-06-2021 23:58,60.2921
02-06-2021 23:58,60.54428
03-06-2021 23:58,60.26961
04-06-2021 23:58,60.28059
05-06-2021 23:58,60.28059
06-06-2021 23:58,60.28059
07-06-2021 23:58,60.18528
08-06-2021 23:58,60.17852
09-06-2021 23:58,60.18903
10-06-2021 23:58,60.36465
11-06-2021 23:58,60.15275
12-06-2021 23:58,60.15275
13-06-2021 23:58,60.15275
14-06-2021 23:58,60.2099
15-06-2021 23:58,60.1418
16-06-2021 23:58,59.62345
17-06-2021 23:58,60.03563
18-06-2021 23:58,59.38049
19-06-2021 23:58,59.38049
20-06-2021 23:58,59.38049
21-06-2021 23:58,59.87988
22-06-2021 23:58,60.33024
23-06-2021 23:58,60.20539
24-06-2021 23:58,60.14899
25-06-2021 23:58,60.30801
26-06-2021 23:58,60.30801
27-06-2021 23:58,60.32856
28-06-2021 23:58,60.16176
29-06-2021 23:58,59.87852
30-06-2021 23:58,59.951
01-07-2021 23:58,59.87182
02-07-2021 23:58,60.39455
03-07-2021 23:58,60.40068
04-07-2021 23:58,60.40068
05-07-2021 23:58,60.16783
06-07-2021 23:58,59.95227
07-07-2021 23:58,59.86801
08-07-2021 23:58,59.58126
09-07-2021 23:58,59.78762
10-07-2021 23:58,59.79334
11-07-2021 23:58,59.79334
12-07-2021 23:58,59.79501
13-07-2021 23:58,59.57793
14-07-2021 23:58,59.44391
15-07-2021 23:58,59.13565
16-07-2021 23:58,59.07451
17-07-2021 23:58,59.08051
18-07-2021 23:58,59.08051
19-07-2021 23:58,58.67331
20-07-2021 23:58,58.74022
21-07-2021 23:58,59.20439
22-07-2021 23:58,59.20014
23-07-2021 23:58,59.18023
24-07-2021 23:58,59.15068
25-07-2021 23:58,59.15068
26-07-2021 23:58,59.21143
27-07-2021 23:58,59.11749
28-07-2021 23:58,59.35114
29-07-2021 23:58,59.58516
30-07-2021 23:58,59.56453
31-07-2021 23:58,59.56453
01-08-2021 23:58,59.56453
02-08-2021 23:58,59.39981
03-08-2021 23:58,59.15395
04-08-2021 23:58,59.07444
05-08-2021 23:58,59.20493
06-08-2021 23:58,59.03604
07-08-2021 23:58,59.03778
08-08-2021 23:58,59.03778
09-08-2021 23:58,59.17461
10-08-2021 23:58,59.39216
11-08-2021 23:58,59.18744
12-08-2021 23:58,59.3018
13-08-2021 23:58,59.26529
14-08-2021 23:58,59.26529
15-08-2021 23:58,59.26529
16-08-2021 23:58,58.91852
17-08-2021 23:58,58.84453
18-08-2021 23:58,58.5949
19-08-2021 23:58,57.92445
20-08-2021 23:58,57.92442
21-08-2021 23:58,57.92142
22-08-2021 23:58,57.93825
23-08-2021 23:58,58.5354
24-08-2021 23:58,58.80351
25-08-2021 23:58,58.80345
26-08-2021 23:58,58.40935
27-08-2021 23:58,58.19188
28-08-2021 23:58,58.19188
29-08-2021 23:58,58.19188
30-08-2021 23:58,58.07907
31-08-2021 23:58,57.80122
01-09-2021 23:58,57.77984
02-09-2021 23:58,58.14797
03-09-2021 23:58,58.20255
04-09-2021 23:58,58.20255
05-09-2021 23:58,58.20255
06-09-2021 23:58,58.25884
07-09-2021 23:58,57.97789
08-09-2021 23:58,58.09067
09-09-2021 23:58,58.02108
10-09-2021 23:58,57.88576
11-09-2021 23:58,57.88576
12-09-2021 23:58,57.88576
13-09-2021 23:58,58.09642
14-09-2021 23:58,57.98091
15-09-2021 23:58,58.14226
16-09-2021 23:58,57.96395
17-09-2021 23:58,57.60541
18-09-2021 23:58,57.60541
19-09-2021 23:58,57.60541
20-09-2021 23:58,57.47978
21-09-2021 23:58,57.46497
22-09-2021 23:58,57.72766
23-09-2021 23:58,58.26631
24-09-2021 23:58,58.27021
25-09-2021 23:58,58.32776
26-09-2021 23:58,58.32776
27-09-2021 23:58,58.40448
28-09-2021 23:58,58.47018
29-09-2021 23:58,58.21413
30-09-2021 23:58,58.41618
01-10-2021 23:58,58.59459
02-10-2021 23:58,58.59459
03-10-2021 23:58,58.59459
04-10-2021 23:58,59.17137
05-10-2021 23:58,59.19921
06-10-2021 23:58,59.34681
07-10-2021 23:58,59.5811
08-10-2021 23:58,60.18012
09-10-2021 23:58,60.16512
10-10-2021 23:58,60.16512
11-10-2021 23:58,60.35534
12-10-2021 23:58,60.44944
13-10-2021 23:58,60.47022
14-10-2021 23:58,60.60697
15-10-2021 23:58,60.69775
16-10-2021 23:58,60.69775
17-10-2021 23:58,60.69775
18-10-2021 23:58,60.78391
19-10-2021 23:58,60.79815
20-10-2021 23:58,60.69425
21-10-2021 23:58,60.53028
22-10-2021 23:58,60.64786
23-10-2021 23:58,60.68348
24-10-2021 23:58,60.68348
25-10-2021 23:58,60.64705
26-10-2021 23:58,60.44319
27-10-2021 23:58,60.6676
28-10-2021 23:58,60.58209
29-10-2021 23:58,60.52332
30-10-2021 23:58,60.52332
31-10-2021 23:58,60.52332
01-11-2021 23:58,60.46196
02-11-2021 23:58,60.2071
03-11-2021 23:58,60.13854
04-11-2021 23:58,59.80538
05-11-2021 23:58,59.56478
06-11-2021 23:58,59.56478
07-11-2021 23:58,59.56478
08-11-2021 23:58,59.39763
09-11-2021 23:58,59.64283
10-11-2021 23:58,59.57617
11-11-2021 23:58,59.02729
12-11-2021 23:58,59.21615
13-11-2021 23:58,59.21615
14-11-2021 23:58,59.21615
15-11-2021 23:58,59.48012
16-11-2021 23:58,59.25931
17-11-2021 23:58,58.96709
18-11-2021 23:58,58.8581
19-11-2021 23:58,58.79852
20-11-2021 23:58,58.79852
21-11-2021 23:58,58.79852
22-11-2021 23:58,58.58741
23-11-2021 23:58,58.72417
24-11-2021 23:58,58.93708
25-11-2021 23:58,58.83049
26-11-2021 23:58,58.68822
27-11-2021 23:58,58.68822
28-11-2021 23:58,58.68822
29-11-2021 23:58,58.93968
30-11-2021 23:58,58.75435
01-12-2021 23:58,58.56148
02-12-2021 23:58,58.50666
03-12-2021 23:58,58.5762
04-12-2021 23:58,58.59825
05-12-2021 23:58,58.59825
06-12-2021 23:58,59.0822
07-12-2021 23:58,59.63936
08-12-2021 23:58,59.57466
09-12-2021 23:58,59.49757
10-12-2021 23:58,59.48355
11-12-2021 23:58,59.47851
12-12-2021 23:58,59.49781
13-12-2021 23:58,59.14815
14-12-2021 23:58,59.11916
15-12-2021 23:58,59.48299
16-12-2021 23:58,59.61767
17-12-2021 23:58,58.95734
18-12-2021 23:58,58.96334
19-12-2021 23:58,58.96334
20-12-2021 23:58,58.52637
21-12-2021 23:58,58.58803
22-12-2021 23:58,58.73698
23-12-2021 23:58,58.50671
24-12-2021 23:58,58.55448
25-12-2021 23:58,58.55448
26-12-2021 23:58,58.55448
27-12-2021 23:58,58.62029
28-12-2021 23:58,58.32419
29-12-2021 23:58,58.32912
30-12-2021 23:58,58.38496
31-12-2021 23:58,58.92407
01-01-2022 23:58,58.92407
02-01-2022 23:58,58.92407
03-01-2022 23:58,58.33946
04-01-2022 23:58,58.66308
05-01-2022 23:58,58.23268
06-01-2022 23:58,58.43957
07-01-2022 23:58,58.75806
08-01-2022 23:58,58.74974
09-01-2022 23:58,58.74974
10-01-2022 23:58,58.43861
11-01-2022 23:58,58.69501
12-01-2022 23:58,59.01559
13-01-2022 23:58,59.133
14-01-2022 23:58,59.06099
15-01-2022 23:58,59.06099
16-01-2022 23:58,59.06099
17-01-2022 23:58,59.32604
18-01-2022 23:58,59.67229
19-01-2022 23:58,59.50303
20-01-2022 23:58,59.56782
21-01-2022 23:58,59.13135
22-01-2022 23:58,59.13135
23-01-2022 23:58,59.13135
24-01-2022 23:58,59.10915
25-01-2022 23:58,59.27526
26-01-2022 23:58,59.16353
27-01-2022 23:58,59.03621
28-01-2022 23:58,58.76873
29-01-2022 23:58,58.76873
30-01-2022 23:58,58.69325
31-01-2022 23:58,58.7189
01-02-2022 23:58,58.91916
02-02-2022 23:58,58.98169
03-02-2022 23:58,58.87225
04-02-2022 23:58,58.46879
05-02-2022 23:58,58.46879
06-02-2022 23:58,58.46879
07-02-2022 23:58,58.94029
08-02-2022 23:58,58.78481
09-02-2022 23:58,59.03897
10-02-2022 23:58,58.98297
11-02-2022 23:58,59.16292
12-02-2022 23:58,59.17192
13-02-2022 23:58,59.17192
14-02-2022 23:58,59.46799
15-02-2022 23:58,59.0265
16-02-2022 23:58,59.11321
17-02-2022 23:58,59.08773
18-02-2022 23:58,58.56375
19-02-2022 23:58,58.56375
20-02-2022 23:58,58.56375
21-02-2022 23:58,58.41722
22-02-2022 23:58,58.46494
23-02-2022 23:58,58.6197
24-02-2022 23:58,59.02361
25-02-2022 23:58,59.10905
26-02-2022 23:58,59.05487
27-02-2022 23:58,59.08848
28-02-2022 23:58,59.61337
01-03-2022 23:58,59.5316
02-03-2022 23:58,59.82401
03-03-2022 23:58,59.95015
04-03-2022 23:58,59.96569
05-03-2022 23:58,60.07702
06-03-2022 23:58,60.01569
07-03-2022 23:58,60.12048
08-03-2022 23:58,59.68197
09-03-2022 23:58,59.66007
10-03-2022 23:58,59.82639
11-03-2022 23:58,59.99453
12-03-2022 23:58,59.99453
13-03-2022 23:58,59.99453
14-03-2022 23:58,59.68034
15-03-2022 23:58,59.71867
16-03-2022 23:58,60.06737
17-03-2022 23:58,60.12557
18-03-2022 23:58,60.3458
19-03-2022 23:58,60.3458
20-03-2022 23:58,60.3458
21-03-2022 23:58,60.57764
22-03-2022 23:58,60.51466
23-03-2022 23:58,60.93192
24-03-2022 23:58,60.93406
25-03-2022 23:58,61.13581
26-03-2022 23:58,61.13956
27-03-2022 23:58,61.13956
28-03-2022 23:58,60.76938
29-03-2022 23:58,60.53583
30-03-2022 23:58,60.74021
31-03-2022 23:58,60.74205
01-04-2022 23:58,60.73062
02-04-2022 23:58,60.73662
03-04-2022 23:58,60.73662
04-04-2022 23:58,60.44268
05-04-2022 23:58,60.45075
06-04-2022 23:58,60.45975
07-04-2022 23:58,60.30859
08-04-2022 23:58,60.42439
09-04-2022 23:58,60.42439
10-04-2022 23:58,60.42439
11-04-2022 23:58,59.98727
12-04-2022 23:58,60.26558
13-04-2022 23:58,60.57238
14-04-2022 23:58,60.53594
15-04-2022 23:58,60.54616
16-04-2022 23:58,60.54616
17-04-2022 23:58,60.54616
18-04-2022 23:58,60.85978
19-04-2022 23:58,60.64894
20-04-2022 23:58,61.077
21-04-2022 23:58,60.57514
22-04-2022 23:58,60.17522
23-04-2022 23:58,60.14023
24-04-2022 23:58,60.14023
25-04-2022 23:58,60.26163
26-04-2022 23:58,59.87337
27-04-2022 23:58,59.80193
28-04-2022 23:58,59.86737
29-04-2022 23:58,59.52076
30-04-2022 23:58,59.52076
01-05-2022 23:58,59.52076
02-05-2022 23:58,59.40637
03-05-2022 23:58,59.5846
04-05-2022 23:58,59.88416
05-05-2022 23:58,59.66148
06-05-2022 23:58,59.63636
07-05-2022 23:58,59.63636
08-05-2022 23:58,59.63636
09-05-2022 23:58,59.47419
10-05-2022 23:58,59.25888
11-05-2022 23:58,59.57959
12-05-2022 23:58,59.45684
13-05-2022 23:58,60.02153
14-05-2022 23:58,60.02153
15-05-2022 23:58,60.02153
16-05-2022 23:58,60.55913
17-05-2022 23:58,60.48782
18-05-2022 23:58,60.40937
19-05-2022 23:58,60.39713
20-05-2022 23:58,60.64711
21-05-2022 23:58,60.64711
22-05-2022 23:58,60.64711
23-05-2022 23:58,60.64628
24-05-2022 23:58,60.42526
25-05-2022 23:58,60.44762
26-05-2022 23:58,60.78669
27-05-2022 23:58,61.01622
28-05-2022 23:58,61.01622
29-05-2022 23:58,61.01622
30-05-2022 23:58,61.28123
31-05-2022 23:58,61.40086
01-06-2022 23:58,61.23585
02-06-2022 23:58,61.54429
03-06-2022 23:58,61.62836
04-06-2022 23:58,61.62729
05-06-2022 23:58,61.62729
06-06-2022 23:58,61.85058
07-06-2022 23:58,61.94498
08-06-2022 23:58,61.90075
09-06-2022 23:58,61.25699
10-06-2022 23:58,61.11243
11-06-2022 23:58,61.11343
12-06-2022 23:58,61.11343
13-06-2022 23:58,60.58663
14-06-2022 23:58,60.27496
15-06-2022 23:58,60.72128
16-06-2022 23:58,60.19331
17-06-2022 23:58,59.83335
18-06-2022 23:58,59.84864
19-06-2022 23:58,59.84864
20-06-2022 23:58,60.04541
21-06-2022 23:58,60.41514
22-06-2022 23:58,60.30789
23-06-2022 23:58,60.17207
24-06-2022 23:58,60.6953
25-06-2022 23:58,60.6953
26-06-2022 23:58,60.6953
27-06-2022 23:58,60.93827
28-06-2022 23:58,61.36078
29-06-2022 23:58,61.27634
30-06-2022 23:58,61.33168
01-07-2022 23:58,61.28254
02-07-2022 23:58,61.28254
03-07-2022 23:58,61.28254
04-07-2022 23:58,61.39562
05-07-2022 23:58,60.82522
06-07-2022 23:58,60.63861
07-07-2022 23:58,61.0536
08-07-2022 23:58,61.28536
09-07-2022 23:58,61.28036
10-07-2022 23:58,61.28036
11-07-2022 23:58,61.12796
12-07-2022 23:58,60.97936
13-07-2022 23:58,61.28483
14-07-2022 23:58,60.93339
15-07-2022 23:58,61.25063
16-07-2022 23:58,61.22224
17-07-2022 23:58,61.24563
18-07-2022 23:58,61.63676
19-07-2022 23:58,62.04676
20-07-2022 23:58,62.10116
21-07-2022 23:58,62.01904
22-07-2022 23:58,61.81683
23-07-2022 23:58,61.86683
24-07-2022 23:58,61.86683
25-07-2022 23:58,62.03217
26-07-2022 23:58,62.02851
27-07-2022 23:58,62.30705
28-07-2022 23:58,62.1774
29-07-2022 23:58,62.01468
30-07-2022 23:58,62.01468
31-07-2022 23:58,62.01468
01-08-2022 23:58,61.49113
02-08-2022 23:58,60.99137
03-08-2022 23:58,61.54883
04-08-2022 23:58,61.50288
05-08-2022 23:58,61.3474
06-08-2022 23:58,61.34721
07-08-2022 23:58,61.34721
08-08-2022 23:58,61.89726
09-08-2022 23:58,61.74899
10-08-2022 23:58,61.91656
11-08-2022 23:58,62.37077
12-08-2022 23:58,62.34302
13-08-2022 23:58,62.34302
14-08-2022 23:58,62.34302
15-08-2022 23:58,61.6444
16-08-2022 23:58,61.69949
17-08-2022 23:58,61.43273
18-08-2022 23:58,61.60005
19-08-2022 23:58,61.50892
20-08-2022 23:58,61.50528
21-08-2022 23:58,61.50528
22-08-2022 23:58,61.19824
23-08-2022 23:58,61.61505
24-08-2022 23:58,61.52359
25-08-2022 23:58,61.74235
26-08-2022 23:58,61.34395
27-08-2022 23:58,61.34509
28-08-2022 23:58,61.34509
29-08-2022 23:58,61.50158
30-08-2022 23:58,60.875
31-08-2022 23:58,60.52161
01-09-2022 23:58,60.6241
02-09-2022 23:58,60.7318
03-09-2022 23:58,60.7318
04-09-2022 23:58,60.7318
05-09-2022 23:58,60.77205
06-09-2022 23:58,60.74161
07-09-2022 23:58,60.66226
08-09-2022 23:58,60.91405
09-09-2022 23:58,61.17644
10-09-2022 23:58,61.16644
11-09-2022 23:58,61.16644
12-09-2022 23:58,61.12936
13-09-2022 23:58,60.46857
14-09-2022 23:58,60.36983
15-09-2022 23:58,60.2669
16-09-2022 23:58,60.08315
17-09-2022 23:58,60.08053
18-09-2022 23:58,60.08053
19-09-2022 23:58,60.18189
20-09-2022 23:58,59.67134
21-09-2022 23:58,59.30026
22-09-2022 23:58,60.17035
23-09-2022 23:58,59.79845
24-09-2022 23:58,59.79849
25-09-2022 23:58,59.79849
26-09-2022 23:58,59.94021
27-09-2022 23:58,59.52929
28-09-2022 23:58,59.74606
29-09-2022 23:58,59.59181
30-09-2022 23:58,58.92746
01-10-2022 23:58,58.92746
02-10-2022 23:58,58.92746
03-10-2022 23:58,59.79552
04-10-2022 23:58,60.32005
05-10-2022 23:58,60.02575
06-10-2022 23:58,59.93012
07-10-2022 23:58,60.31568
08-10-2022 23:58,60.30268
09-10-2022 23:58,60.30268
10-10-2022 23:58,59.83224
11-10-2022 23:58,59.62988
12-10-2022 23:58,59.49166
13-10-2022 23:58,59.72829
14-10-2022 23:58,59.3321
15-10-2022 23:58,59.3321
16-10-2022 23:58,59.3321
17-10-2022 23:58,59.93229
18-10-2022 23:58,59.95347
19-10-2022 23:58,60.27566
20-10-2022 23:58,60.10896
21-10-2022 23:58,60.4935
22-10-2022 23:58,60.50844
23-10-2022 23:58,60.50844
24-10-2022 23:58,60.43798
25-10-2022 23:58,60.54062
26-10-2022 23:58,60.45398
27-10-2022 23:58,60.74747
28-10-2022 23:58,60.46732
29-10-2022 23:58,60.46732
30-10-2022 23:58,60.46732
31-10-2022 23:58,60.80203
01-11-2022 23:58,60.68375
02-11-2022 23:58,60.33235
03-11-2022 23:58,60.1574
04-11-2022 23:58,60.82671
05-11-2022 23:58,60.81843
06-11-2022 23:58,60.01326
07-11-2022 23:58,60.64074
08-11-2022 23:58,60.62508
09-11-2022 23:58,60.14877
10-11-2022 23:58,60.49549
11-11-2022 23:58,60.71968
12-11-2022 23:58,60.55224
13-11-2022 23:58,60.55224
14-11-2022 23:58,60.7785
15-11-2022 23:58,61.1102
16-11-2022 23:58,61.11742
17-11-2022 23:58,61.189
18-11-2022 23:58,61.00288
19-11-2022 23:58,61.00288
20-11-2022 23:58,61.00288
21-11-2022 23:58,60.76918
22-11-2022 23:58,61.14341
23-11-2022 23:58,61.17898
24-11-2022 23:58,61.2072
25-11-2022 23:58,61.07874
26-11-2022 23:58,61.07874
27-11-2022 23:58,61.07874
28-11-2022 23:58,60.5175
29-11-2022 23:58,60.0658
30-11-2022 23:58,60.67525
01-12-2022 23:58,60.43456
02-12-2022 23:58,60.45038
03-12-2022 23:58,60.45033
04-12-2022 23:58,60.45033
05-12-2022 23:58,60.26802
06-12-2022 23:58,60.43069
07-12-2022 23:58,60.22469
08-12-2022 23:58,60.52672
09-12-2022 23:58,60.40667
10-12-2022 23:58,60.40567
11-12-2022 23:58,60.40567
12-12-2022 23:58,60.6323
13-12-2022 23:58,60.79471
14-12-2022 23:58,60.88312
15-12-2022 23:58,60.67532
16-12-2022 23:58,60.39113
17-12-2022 23:58,60.36884
18-12-2022 23:58,60.36884
19-12-2022 23:58,60.52273
20-12-2022 23:58,60.7261
21-12-2022 23:58,60.88076
22-12-2022 23:58,60.75606
23-12-2022 23:58,60.89321
24-12-2022 23:58,60.89321
25-12-2022 23:58,60.89321
26-12-2022 23:58,60.88032
27-12-2022 23:58,61.24503
28-12-2022 23:58,60.84232
29-12-2022 23:58,61.09527
30-12-2022 23:58,61.07876
31-12-2022 23:58,61.07876
01-01-2023 23:58,61.07876
02-01-2023 23:58,61.02674
03-01-2023 23:58,60.53497
04-01-2023 23:58,61.32658
05-01-2023 23:58,60.90125
06-01-2023 23:58,61.1938
07-01-2023 23:58,61.1938
08-01-2023 23:58,61.1938
09-01-2023 23:58,61.36466
10-01-2023 23:58,60.78289
11-01-2023 23:58,60.79329
12-01-2023 23:58,60.64827
13-01-2023 23:58,60.69299
14-01-2023 23:58,60.69799
15-01-2023 23:58,60.69799
16-01-2023 23:58,60.93889
17-01-2023 23:58,60.9566
18-01-2023 23:58,60.35457
19-01-2023 23:58,60.35998
20-01-2023 23:58,60.52401
21-01-2023 23:58,60.52401
22-01-2023 23:58,60.52401
23-01-2023 23:58,60.94841
24-01-2023 23:58,60.99831
25-01-2023 23:58,60.91987
26-01-2023 23:58,61.13954
27-01-2023 23:58,61.24574
28-01-2023 23:58,61.24531
29-01-2023 23:58,61.24531
30-01-2023 23:58,60.90726
31-01-2023 23:58,61.45803
01-02-2023 23:58,61.58219
02-02-2023 23:58,61.61024
03-02-2023 23:58,61.35756
04-02-2023 23:58,61.35182
05-02-2023 23:58,61.35182
06-02-2023 23:58,61.55723
07-02-2023 23:58,61.88083
08-02-2023 23:58,61.49051
09-02-2023 23:58,61.36991
10-02-2023 23:58,61.82354
11-02-2023 23:58,61.74404
12-02-2023 23:58,61.74404
13-02-2023 23:58,61.94162
14-02-2023 23:58,62.1556
15-02-2023 23:58,61.80666
16-02-2023 23:58,61.38423
17-02-2023 23:58,61.42548
18-02-2023 23:58,61.42471
19-02-2023 23:58,61.42875
20-02-2023 23:58,61.47071
21-02-2023 23:58,61.22265
22-02-2023 23:58,61.13796
23-02-2023 23:58,61.00184
24-02-2023 23:58,60.94586
25-02-2023 23:58,60.9252
26-02-2023 23:58,60.9252
27-02-2023 23:58,60.8846
28-02-2023 23:58,60.57125
01-03-2023 23:58,60.641
02-03-2023 23:58,60.57448
03-03-2023 23:58,60.08528
04-03-2023 23:58,60.08528
05-03-2023 23:58,60.08528
06-03-2023 23:58,60.09657
07-03-2023 23:58,59.63949
08-03-2023 23:58,59.39576
09-03-2023 23:58,59.29581
10-03-2023 23:58,59.29035
11-03-2023 23:58,59.29625
12-03-2023 23:58,59.29625
13-03-2023 23:58,59.87783
14-03-2023 23:58,60.08853
15-03-2023 23:58,60.22533
16-03-2023 23:58,60.22663
17-03-2023 23:58,60.1018
18-03-2023 23:58,60.12153
19-03-2023 23:58,60.12153
20-03-2023 23:58,60.36108
21-03-2023 23:58,60.30424
22-03-2023 23:58,60.16392
23-03-2023 23:58,59.95339
24-03-2023 23:58,59.92678
25-03-2023 23:58,59.92678
26-03-2023 23:58,59.92678
27-03-2023 23:58,60.20207
28-03-2023 23:58,60.43911
29-03-2023 23:58,60.60884
30-03-2023 23:58,60.72149
31-03-2023 23:58,60.803
01-04-2023 23:58,60.803
02-04-2023 23:58,60.803
03-04-2023 23:58,61.19334
04-04-2023 23:58,61.08968
05-04-2023 23:58,60.91248
06-04-2023 23:58,60.65591
07-04-2023 23:58,60.65091
08-04-2023 23:58,60.63291
09-04-2023 23:58,60.63291
10-04-2023 23:58,60.63487
11-04-2023 23:58,60.9592
12-04-2023 23:58,60.97719
13-04-2023 23:58,61.22056
14-04-2023 23:58,61.26431
15-04-2023 23:58,61.25431
16-04-2023 23:58,61.25431
17-04-2023 23:58,61.22531
18-04-2023 23:58,61.32039
19-04-2023 23:58,61.11877
20-04-2023 23:58,60.92916
21-04-2023 23:58,60.60219
22-04-2023 23:58,60.60219
23-04-2023 23:58,60.60219
24-04-2023 23:58,60.56695
25-04-2023 23:58,60.20157
26-04-2023 23:58,59.98691
27-04-2023 23:58,60.1237
28-04-2023 23:58,60.35085
29-04-2023 23:58,60.35485
30-04-2023 23:58,60.35485
01-05-2023 23:58,60.22884
02-05-2023 23:58,60.03294
03-05-2023 23:58,59.99364
04-05-2023 23:58,60.42551
05-05-2023 23:58,61.10228
06-05-2023 23:58,61.10228
07-05-2023 23:58,61.10228
08-05-2023 23:58,61.15475
09-05-2023 23:58,61.38216
10-05-2023 23:58,61.26172
11-05-2023 23:58,60.83974
12-05-2023 23:58,60.62969
13-05-2023 23:58,60.66798
14-05-2023 23:58,60.62869
15-05-2023 23:58,61.08626
16-05-2023 23:58,61.05906
17-05-2023 23:58,61.22276
18-05-2023 23:58,61.28987
19-05-2023 23:58,61.42407
20-05-2023 23:58,61.42107
21-05-2023 23:58,61.42107
22-05-2023 23:58,61.33771
23-05-2023 23:58,61.35461
24-05-2023 23:58,60.83691
25-05-2023 23:58,60.63335
26-05-2023 23:58,60.64835
27-05-2023 23:58,60.64835
28-05-2023 23:58,60.77794
29-05-2023 23:58,60.72531
30-05-2023 23:58,60.80659
31-05-2023 23:58,60.93292
01-06-2023 23:58,61.18873
02-06-2023 23:58,61.36209
03-06-2023 23:58,61.37209
04-06-2023 23:58,61.37209
05-06-2023 23:58,61.34997
06-06-2023 23:58,61.57656
07-06-2023 23:58,61.78923
08-06-2023 23:58,61.75629
09-06-2023 23:58,61.80067
10-06-2023 23:58,61.79567
11-06-2023 23:58,61.80567
12-06-2023 23:58,61.6689
13-06-2023 23:58,61.76512
14-06-2023 23:58,61.56066
15-06-2023 23:58,61.94995
16-06-2023 23:58,62.0647
17-06-2023 23:58,62.0647
18-06-2023 23:58,62.0567
19-06-2023 23:58,62.01222
20-06-2023 23:58,61.98875
21-06-2023 23:58,62.26329
22-06-2023 23:58,62.35098
23-06-2023 23:58,62.18981
24-06-2023 23:58,62.18833
25-06-2023 23:58,62.19376
26-06-2023 23:58,62.36019
27-06-2023 23:58,62.14009
28-06-2023 23:58,61.90876
29-06-2023 23:58,61.93543
30-06-2023 23:58,61.9383
01-07-2023 23:58,61.9383
02-07-2023 23:58,61.57443
03-07-2023 23:58,61.85812
04-07-2023 23:58,61.98058
05-07-2023 23:58,62.01871
06-07-2023 23:58,61.93551
07-07-2023 23:58,62.22832
08-07-2023 23:58,62.23219
09-07-2023 23:58,61.92403
10-07-2023 23:58,62.15945
11-07-2023 23:58,62.28638
12-07-2023 23:58,62.1832
13-07-2023 23:58,62.5722
14-07-2023 23:58,62.12823
15-07-2023 23:58,62.09736
16-07-2023 23:58,62.09736
17-07-2023 23:58,62.16322
18-07-2023 23:58,62.33054
19-07-2023 23:58,62.33273
20-07-2023 23:58,62.29598
21-07-2023 23:58,61.99846
22-07-2023 23:58,62.02025
23-07-2023 23:58,62.0221
24-07-2023 23:58,62.09868
25-07-2023 23:58,62.07552
26-07-2023 23:58,62.06399
27-07-2023 23:58,62.10422
28-07-2023 23:58,62.08258
29-07-2023 23:58,62.08508
30-07-2023 23:58,61.94066
31-07-2023 23:58,62.32469
01-08-2023 23:58,62.02768
02-08-2023 23:58,61.94117
03-08-2023 23:58,62.00752
04-08-2023 23:58,61.7643
05-08-2023 23:58,61.7613
06-08-2023 23:58,61.49712
07-08-2023 23:58,61.88157
08-08-2023 23:58,61.72519
09-08-2023 23:58,61.75283
10-08-2023 23:58,61.61109
11-08-2023 23:58,61.6851
12-08-2023 23:58,61.6931
13-08-2023 23:58,61.85813
14-08-2023 23:58,61.80059
15-08-2023 23:58,61.66494
16-08-2023 23:58,61.51438
17-08-2023 23:58,61.38935
18-08-2023 23:58,61.38935
19-08-2023 23:58,61.31636
20-08-2023 23:58,61.38272
21-08-2023 23:58,61.36737
22-08-2023 23:58,61.30485
23-08-2023 23:58,61.02851
24-08-2023 23:58,60.82861
25-08-2023 23:58,60.67487
26-08-2023 23:58,60.81472
27-08-2023 23:58,60.66487
28-08-2023 23:58,60.79728
29-08-2023 23:58,60.84652
30-08-2023 23:58,61.10216
31-08-2023 23:58,61.18333
01-09-2023 23:58,60.85031
02-09-2023 23:58,60.86031
03-09-2023 23:58,61.27582
04-09-2023 23:58,60.84992
05-09-2023 23:58,60.92606
06-09-2023 23:58,61.02865
07-09-2023 23:58,60.76194
08-09-2023 23:58,60.805
09-09-2023 23:58,60.805
10-09-2023 23:58,60.84913
11-09-2023 23:58,61.0919
12-09-2023 23:58,61.12924
13-09-2023 23:58,61.21883
14-09-2023 23:58,61.42156
15-09-2023 23:58,61.44988
16-09-2023 23:58,61.44688
17-09-2023 23:58,61.44688
18-09-2023 23:58,61.74409
19-09-2023 23:58,61.87905
20-09-2023 23:58,61.61606
21-09-2023 23:58,61.47288
22-09-2023 23:58,61.61895
23-09-2023 23:58,61.38861
24-09-2023 23:58,61.62295
25-09-2023 23:58,61.72295
26-09-2023 23:58,61.6107
27-09-2023 23:58,61.68568
28-09-2023 23:58,61.67007
29-09-2023 23:58,61.28357
30-09-2023 23:58,61.38299
01-10-2023 23:58,61.38299
02-10-2023 23:58,60.84869
03-10-2023 23:58,60.71216
04-10-2023 23:58,60.58982
05-10-2023 23:58,60.81527
06-10-2023 23:58,60.84272
07-10-2023 23:58,60.73135
08-10-2023 23:58,60.83852
09-10-2023 23:58,61.31728
10-10-2023 23:58,61.28182
11-10-2023 23:58,61.20734
12-10-2023 23:58,60.84393
13-10-2023 23:58,60.94754
14-10-2023 23:58,60.96354
15-10-2023 23:58,61.01192
16-10-2023 23:58,61.12225
17-10-2023 23:58,61.00176
18-10-2023 23:58,60.70391
19-10-2023 23:58,60.60247
20-10-2023 23:58,60.64149
21-10-2023 23:58,60.64855
22-10-2023 23:58,60.64855
23-10-2023 23:58,60.64854
24-10-2023 23:58,60.43065
25-10-2023 23:58,60.25367
26-10-2023 23:58,60.27496
27-10-2023 23:58,60.07731
28-10-2023 23:58,60.07331
29-10-2023 23:58,59.95496
30-10-2023 23:58,60.20595
31-10-2023 23:58,60.0154
01-11-2023 23:58,60.09367
02-11-2023 23:58,60.55461
03-11-2023 23:58,60.87182
04-11-2023 23:58,60.39449
05-11-2023 23:58,60.88769
06-11-2023 23:58,60.75499
07-11-2023 23:58,60.45453
08-11-2023 23:58,60.31729
09-11-2023 23:58,60.28221
10-11-2023 23:58,60.38597
11-11-2023 23:58,60.37597
12-11-2023 23:58,60.30732
13-11-2023 23:58,60.26674
14-11-2023 23:58,60.58161
15-11-2023 23:58,60.77834
16-11-2023 23:58,60.42446
17-11-2023 23:58,60.67611
18-11-2023 23:58,60.6818
19-11-2023 23:58,60.42827
20-11-2023 23:58,60.72014
21-11-2023 23:58,60.799
22-11-2023 23:58,61.01971
23-11-2023 23:58,60.83546
24-11-2023 23:58,61.1218
25-11-2023 23:58,61.1043
26-11-2023 23:58,61.1043
27-11-2023 23:58,61.1922
28-11-2023 23:58,61.40808
29-11-2023 23:58,61.21773
30-11-2023 23:58,61.44184
01-12-2023 23:58,61.67148
02-12-2023 23:58,61.77468
03-12-2023 23:58,61.79108
04-12-2023 23:58,61.59413
05-12-2023 23:58,61.30869
06-12-2023 23:58,61.30825
07-12-2023 23:58,61.3011
08-12-2023 23:58,61.40997
09-12-2023 23:58,61.49761
10-12-2023 23:58,61.47658
11-12-2023 23:58,61.37543
12-12-2023 23:58,61.38116
13-12-2023 23:58,61.65615
14-12-2023 23:58,62.1206
15-12-2023 23:58,62.09141
16-12-2023 23:58,62.44694
17-12-2023 23:58,62.44694
18-12-2023 23:58,62.00748
19-12-2023 23:58,62.29723
20-12-2023 23:58,62.23448
21-12-2023 23:58,62.57349
22-12-2023 23:58,62.68912
23-12-2023 23:58,62.68907
24-12-2023 23:58,62.85238
25-12-2023 23:58,62.85238
26-12-2023 23:58,62.85238
27-12-2023 23:58,63.05686
28-12-2023 23:58,62.84528
29-12-2023 23:58,62.78922
30-12-2023 23:58,63.02031
31-12-2023 23:58,62.80522
01-01-2024 23:58,62.99877
02-01-2024 23:58,62.51856
03-01-2024 23:58,62.43636
04-01-2024 23:58,62.32813
05-01-2024 23:58,62.19027
06-01-2024 23:58,62.18534
07-01-2024 23:58,62.02125
08-01-2024 23:58,62.20216
09-01-2024 23:58,62.07865
10-01-2024 23:58,62.058
11-01-2024 23:58,62.09065
12-01-2024 23:58,61.80598
13-01-2024 23:58,61.80634
14-01-2024 23:58,61.80634
15-01-2024 23:58,61.68622
16-01-2024 23:58,61.58768
17-01-2024 23:58,61.58734
18-01-2024 23:58,61.65906
19-01-2024 23:58,61.87573
20-01-2024 23:58,61.87973
21-01-2024 23:58,61.79008
22-01-2024 23:58,61.64724
23-01-2024 23:58,61.83172
24-01-2024 23:58,61.43363
25-01-2024 23:58,61.68832
26-01-2024 23:58,61.77481
27-01-2024 23:58,61.76036
28-01-2024 23:58,61.76036
29-01-2024 23:58,62.01116
30-01-2024 23:58,62.02333
31-01-2024 23:58,61.77421
01-02-2024 23:58,61.95135
02-02-2024 23:58,61.64888
03-02-2024 23:58,61.64788
04-02-2024 23:58,62.13268
05-02-2024 23:58,61.32007
06-02-2024 23:58,61.56714
07-02-2024 23:58,61.6685
08-02-2024 23:58,61.60454
09-02-2024 23:58,61.67583
10-02-2024 23:58,61.60413
11-02-2024 23:58,61.66969
12-02-2024 23:58,61.68018
13-02-2024 23:58,61.18995
14-02-2024 23:58,61.33242
15-02-2024 23:58,61.65093
16-02-2024 23:58,61.55662
17-02-2024 23:58,61.50234
18-02-2024 23:58,61.55318
19-02-2024 23:58,61.51647
20-02-2024 23:58,61.2688
21-02-2024 23:58,61.44026
22-02-2024 23:58,61.46908
23-02-2024 23:58,61.36791
24-02-2024 23:58,61.36946
25-02-2024 23:58,61.36946
26-02-2024 23:58,61.35477
27-02-2024 23:58,61.27632
28-02-2024 23:58,61.06247
29-02-2024 23:58,61.07327
01-03-2024 23:58,61.08785
02-03-2024 23:58,61.08985
03-03-2024 23:58,61.08985
04-03-2024 23:58,61.08508
05-03-2024 23:58,60.98139
06-03-2024 23:58,61.34856
07-03-2024 23:58,61.55172
08-03-2024 23:58,61.34033
09-03-2024 23:58,61.30332
10-03-2024 23:58,61.34784
11-03-2024 23:58,61.40904
12-03-2024 23:58,61.3635
13-03-2024 23:58,61.51114
14-03-2024 23:58,61.24408
15-03-2024 23:58,61.2098
16-03-2024 23:58,61.2108
