Date,EURINR
01-01-2020 23:58,79.93
02-01-2020 23:58,79.622
03-01-2020 23:58,80.002
04-01-2020 23:58,80.002
05-01-2020 23:58,80.002
06-01-2020 23:58,80.376
07-01-2020 23:58,80.049
08-01-2020 23:58,79.386
09-01-2020 23:58,79.034
10-01-2020 23:58,78.835
11-01-2020 23:58,78.835
12-01-2020 23:58,77.5939
13-01-2020 23:58,78.665
14-01-2020 23:58,78.758
15-01-2020 23:58,78.794
16-01-2020 23:58,78.965
17-01-2020 23:58,78.75
18-01-2020 23:58,78.75
19-01-2020 23:58,78.75
20-01-2020 23:58,78.743
21-01-2020 23:58,78.83
22-01-2020 23:58,78.79
23-01-2020 23:58,78.853
24-01-2020 23:58,78.572
25-01-2020 23:58,78.572
26-01-2020 23:58,78.572
27-01-2020 23:58,78.654
28-01-2020 23:58,78.444
29-01-2020 23:58,78.478
30-01-2020 23:58,78.851
31-01-2020 23:58,79.304
01-02-2020 23:58,79.304
02-02-2020 23:58,79.304
03-02-2020 23:58,78.816
04-02-2020 23:58,78.457
05-02-2020 23:58,78.223
06-02-2020 23:58,78.128
07-02-2020 23:58,78.199
08-02-2020 23:58,78.199
09-02-2020 23:58,78.199
10-02-2020 23:58,77.697
11-02-2020 23:58,77.753
12-02-2020 23:58,77.466
13-02-2020 23:58,77.256
14-02-2020 23:58,77.383
15-02-2020 23:58,77.383
16-02-2020 23:58,77.383
17-02-2020 23:58,77.228
18-02-2020 23:58,77.196
19-02-2020 23:58,77.316
20-02-2020 23:58,77.248
21-02-2020 23:58,77.87
22-02-2020 23:58,77.87
23-02-2020 23:58,77.87
24-02-2020 23:58,77.976
25-02-2020 23:58,78.121
26-02-2020 23:58,77.823
27-02-2020 23:58,78.723
28-02-2020 23:58,79.927
29-02-2020 23:58,79.927
01-03-2020 23:58,79.927
02-03-2020 23:58,81.132
03-03-2020 23:58,81.564
04-03-2020 23:58,81.833
05-03-2020 23:58,82.42
06-03-2020 23:58,83.468
07-03-2020 23:58,83.468
08-03-2020 23:58,83.468
09-03-2020 23:58,84.481
10-03-2020 23:58,83.835
11-03-2020 23:58,82.897
12-03-2020 23:58,83.315
13-03-2020 23:58,81.91
14-03-2020 23:58,81.91
15-03-2020 23:58,81.91
16-03-2020 23:58,82.507
17-03-2020 23:58,81.5
18-03-2020 23:58,81.634
19-03-2020 23:58,79.62
20-03-2020 23:58,80.596
21-03-2020 23:58,80.676
22-03-2020 23:58,80.676
23-03-2020 23:58,82.084
24-03-2020 23:58,82.424
25-03-2020 23:58,83.085
26-03-2020 23:58,82.662
27-03-2020 23:58,83.977
28-03-2020 23:58,83.977
29-03-2020 23:58,84.011
30-03-2020 23:58,83.097
31-03-2020 23:58,82.984
01-04-2020 23:58,83.609
02-04-2020 23:58,82.783
03-04-2020 23:58,82.271
04-04-2020 23:58,82.3455
05-04-2020 23:58,82.3455
06-04-2020 23:58,81.981
07-04-2020 23:58,82.335
08-04-2020 23:58,82.404
09-04-2020 23:58,83.308
10-04-2020 23:58,83.301
11-04-2020 23:58,83.301
12-04-2020 23:58,83.301
13-04-2020 23:58,81.8226
14-04-2020 23:58,83.423
15-04-2020 23:58,83.401
16-04-2020 23:58,83.328
17-04-2020 23:58,83.154
18-04-2020 23:58,83.154
19-04-2020 23:58,83.154
20-04-2020 23:58,83.153
21-04-2020 23:58,83.484
22-04-2020 23:58,82.493
23-04-2020 23:58,81.689
24-04-2020 23:58,82.468
25-04-2020 23:58,82.468
26-04-2020 23:58,82.468
27-04-2020 23:58,82.446
28-04-2020 23:58,82.338
29-04-2020 23:58,81.989
30-04-2020 23:58,82.158
01-05-2020 23:58,82.152
02-05-2020 23:58,82.152
03-05-2020 23:58,82.152
04-05-2020 23:58,82.402
05-05-2020 23:58,81.975
06-05-2020 23:58,82.093
07-05-2020 23:58,82.05
08-05-2020 23:58,81.792
09-05-2020 23:58,81.792
10-05-2020 23:58,81.792
11-05-2020 23:58,81.952
12-05-2020 23:58,81.336
13-05-2020 23:58,81.476
14-05-2020 23:58,81.504
15-05-2020 23:58,81.943
16-05-2020 23:58,81.943
17-05-2020 23:58,81.943
18-05-2020 23:58,82.445
19-05-2020 23:58,82.648
20-05-2020 23:58,82.871
21-05-2020 23:58,82.744
22-05-2020 23:58,82.728
23-05-2020 23:58,82.728
24-05-2020 23:58,82.728
25-05-2020 23:58,82.633
26-05-2020 23:58,82.755
27-05-2020 23:58,83.561
28-05-2020 23:58,83.792
29-05-2020 23:58,83.878
30-05-2020 23:58,83.878
31-05-2020 23:58,83.878
01-06-2020 23:58,83.927
02-06-2020 23:58,83.927
03-06-2020 23:58,84.571
04-06-2020 23:58,85.446
05-06-2020 23:58,85.252
06-06-2020 23:58,85.252
07-06-2020 23:58,85.252
08-06-2020 23:58,85.164
09-06-2020 23:58,85.482
10-06-2020 23:58,85.927
11-06-2020 23:58,85.681
12-06-2020 23:58,85.529
13-06-2020 23:58,85.529
14-06-2020 23:58,85.529
15-06-2020 23:58,86.057
16-06-2020 23:58,85.847
17-06-2020 23:58,85.681
18-06-2020 23:58,85.553
19-06-2020 23:58,85.154
20-06-2020 23:58,85.154
21-06-2020 23:58,85.154
22-06-2020 23:58,85.404
23-06-2020 23:58,85.325
24-06-2020 23:58,85.047
25-06-2020 23:58,84.665
26-06-2020 23:58,84.758
27-06-2020 23:58,84.758
28-06-2020 23:58,84.758
29-06-2020 23:58,84.854
30-06-2020 23:58,84.784
01-07-2020 23:58,84.825
02-07-2020 23:58,83.923
03-07-2020 23:58,83.842
04-07-2020 23:58,83.842
05-07-2020 23:58,83.842
06-07-2020 23:58,84.351
07-07-2020 23:58,84.272
08-07-2020 23:58,84.9
09-07-2020 23:58,84.759
10-07-2020 23:58,84.869
11-07-2020 23:58,84.89
12-07-2020 23:58,83.8179
13-07-2020 23:58,85.256
14-07-2020 23:58,85.959
15-07-2020 23:58,85.687
16-07-2020 23:58,85.546
17-07-2020 23:58,85.542
18-07-2020 23:58,85.542
19-07-2020 23:58,85.542
20-07-2020 23:58,85.561
21-07-2020 23:58,85.894
22-07-2020 23:58,86.204
23-07-2020 23:58,86.668
24-07-2020 23:58,87.058
25-07-2020 23:58,87.058
26-07-2020 23:58,87.058
27-07-2020 23:58,87.952
28-07-2020 23:58,87.702
29-07-2020 23:58,88.235
30-07-2020 23:58,88.813
31-07-2020 23:58,88.26
01-08-2020 23:58,88.26
02-08-2020 23:58,88.26
03-08-2020 23:58,88.338
04-08-2020 23:58,88.605
05-08-2020 23:58,88.727
06-08-2020 23:58,88.853
07-08-2020 23:58,88.337
08-08-2020 23:58,87.5427
09-08-2020 23:58,88.33
10-08-2020 23:58,87.805
11-08-2020 23:58,87.494
12-08-2020 23:58,88.144
13-08-2020 23:58,88.326
14-08-2020 23:58,88.613
15-08-2020 23:58,88.613
16-08-2020 23:58,88.613
17-08-2020 23:58,88.68
18-08-2020 23:58,89.022
19-08-2020 23:58,88.567
20-08-2020 23:58,88.957
21-08-2020 23:58,88.298
22-08-2020 23:58,88.298
23-08-2020 23:58,88.298
24-08-2020 23:58,87.399
25-08-2020 23:58,87.767
26-08-2020 23:58,87.804
27-08-2020 23:58,87.278
28-08-2020 23:58,86.971
29-08-2020 23:58,86.971
30-08-2020 23:58,86.971
31-08-2020 23:58,87.374
01-09-2020 23:58,86.962
02-09-2020 23:58,86.736
03-09-2020 23:58,86.811
04-09-2020 23:58,86.667
05-09-2020 23:58,86.667
06-09-2020 23:58,86.667
07-09-2020 23:58,86.731
08-09-2020 23:58,86.742
09-09-2020 23:58,86.455
10-09-2020 23:58,86.756
11-09-2020 23:58,86.914
12-09-2020 23:58,86.914
13-09-2020 23:58,86.914
14-09-2020 23:58,87.005
15-09-2020 23:58,87.1
16-09-2020 23:58,86.74
17-09-2020 23:58,87.133
18-09-2020 23:58,86.998
19-09-2020 23:58,86.998
20-09-2020 23:58,86.998
21-09-2020 23:58,86.487
22-09-2020 23:58,85.981
23-09-2020 23:58,85.703
24-09-2020 23:58,86.137
25-09-2020 23:58,85.63
26-09-2020 23:58,85.63
27-09-2020 23:58,85.63
28-09-2020 23:58,86.07
29-09-2020 23:58,86.525
30-09-2020 23:58,86.17
01-10-2020 23:58,85.936
02-10-2020 23:58,85.789
03-10-2020 23:58,85.789
04-10-2020 23:58,85.869
05-10-2020 23:58,86.093
06-10-2020 23:58,86.113
07-10-2020 23:58,86.206
08-10-2020 23:58,86.155
09-10-2020 23:58,86.309
10-10-2020 23:58,86.309
11-10-2020 23:58,86.389
12-10-2020 23:58,86.566
13-10-2020 23:58,86.122
14-10-2020 23:58,85.994
15-10-2020 23:58,85.887
16-10-2020 23:58,85.981
17-10-2020 23:58,85.981
18-10-2020 23:58,85.981
19-10-2020 23:58,86.25
20-10-2020 23:58,86.808
21-10-2020 23:58,87.162
22-10-2020 23:58,86.957
23-10-2020 23:58,87.497
24-10-2020 23:58,87.497
25-10-2020 23:58,87.577
26-10-2020 23:58,87.268
27-10-2020 23:58,86.663
28-10-2020 23:58,87.129
29-10-2020 23:58,86.788
30-10-2020 23:58,86.759
31-10-2020 23:58,86.839
01-11-2020 23:58,86.839
02-11-2020 23:58,86.657
03-11-2020 23:58,87.687
04-11-2020 23:58,87.169
05-11-2020 23:58,87.266
06-11-2020 23:58,87.763
07-11-2020 23:58,87.763
08-11-2020 23:58,87.763
09-11-2020 23:58,87.47
10-11-2020 23:58,87.727
11-11-2020 23:58,87.633
12-11-2020 23:58,88.082
13-11-2020 23:58,88.184
14-11-2020 23:58,88.184
15-11-2020 23:58,88.184
16-11-2020 23:58,88.077
17-11-2020 23:58,88.272
18-11-2020 23:58,87.737
19-11-2020 23:58,87.863
20-11-2020 23:58,87.789
21-11-2020 23:58,87.8675
22-11-2020 23:58,87.789
23-11-2020 23:58,87.847
24-11-2020 23:58,88.052
25-11-2020 23:58,87.857
26-11-2020 23:58,87.87
27-11-2020 23:58,88.367
28-11-2020 23:58,88.367
29-11-2020 23:58,88.367
30-11-2020 23:58,88.258
01-12-2020 23:58,88.645
02-12-2020 23:58,89.289
03-12-2020 23:58,89.64
04-12-2020 23:58,89.35
05-12-2020 23:58,89.35
06-12-2020 23:58,89.35
07-12-2020 23:58,89.322
08-12-2020 23:58,89.19
09-12-2020 23:58,88.993
10-12-2020 23:58,89.449
11-12-2020 23:58,89.254
12-12-2020 23:58,89.254
13-12-2020 23:58,89.254
14-12-2020 23:58,89.389
15-12-2020 23:58,89.319
16-12-2020 23:58,89.731
17-12-2020 23:58,90.089
18-12-2020 23:58,90.101
19-12-2020 23:58,90.101
20-12-2020 23:58,90.101
21-12-2020 23:58,90.512
22-12-2020 23:58,89.922
23-12-2020 23:58,89.931
24-12-2020 23:58,89.555
25-12-2020 23:58,89.539
26-12-2020 23:58,89.539
27-12-2020 23:58,89.539
28-12-2020 23:58,89.792
29-12-2020 23:58,89.856
30-12-2020 23:58,89.954
31-12-2020 23:58,89.158
01-01-2021 23:58,89.149
02-01-2021 23:58,89.149
03-01-2021 23:58,89.149
04-01-2021 23:58,89.454
05-01-2021 23:58,89.87
06-01-2021 23:58,90.163
07-01-2021 23:58,90.049
08-01-2021 23:58,89.554
09-01-2021 23:58,89.533
10-01-2021 23:58,89.533
11-01-2021 23:58,89.268
12-01-2021 23:58,89.313
13-01-2021 23:58,88.906
14-01-2021 23:58,88.726
15-01-2021 23:58,88.232
16-01-2021 23:58,88.26
17-01-2021 23:58,88.26
18-01-2021 23:58,88.313
19-01-2021 23:58,88.761
20-01-2021 23:58,88.257
21-01-2021 23:58,88.681
22-01-2021 23:58,88.751
23-01-2021 23:58,88.831
24-01-2021 23:58,88.831
25-01-2021 23:58,88.538
26-01-2021 23:58,88.609
27-01-2021 23:58,88.308
28-01-2021 23:58,88.321
29-01-2021 23:58,88.37
30-01-2021 23:58,88.403
31-01-2021 23:58,88.404
01-02-2021 23:58,88.165
02-02-2021 23:58,87.687
03-02-2021 23:58,87.637
04-02-2021 23:58,87.218
05-02-2021 23:58,87.651
06-02-2021 23:58,87.651
07-02-2021 23:58,87.651
08-02-2021 23:58,87.812
09-02-2021 23:58,88.195
10-02-2021 23:58,88.155
11-02-2021 23:58,88.111
12-02-2021 23:58,87.895
13-02-2021 23:58,87.895
14-02-2021 23:58,87.895
15-02-2021 23:58,88.031
16-02-2021 23:58,88.034
17-02-2021 23:58,87.596
18-02-2021 23:58,87.711
19-02-2021 23:58,87.845
20-02-2021 23:58,87.868
21-02-2021 23:58,87.85
22-02-2021 23:58,88.063
23-02-2021 23:58,87.882
24-02-2021 23:58,88.043
25-02-2021 23:58,88.379
26-02-2021 23:58,89.193
27-02-2021 23:58,89.193
28-02-2021 23:58,89.193
01-03-2021 23:58,88.355
02-03-2021 23:58,88.458
03-03-2021 23:58,87.889
04-03-2021 23:58,87.424
05-03-2021 23:58,87.115
06-03-2021 23:58,87.115
07-03-2021 23:58,87.115
08-03-2021 23:58,86.823
09-03-2021 23:58,86.516
10-03-2021 23:58,86.661
11-03-2021 23:58,87.044
12-03-2021 23:58,86.821
13-03-2021 23:58,86.821
14-03-2021 23:58,86.814
15-03-2021 23:58,86.401
16-03-2021 23:58,86.22
17-03-2021 23:58,86.873
18-03-2021 23:58,86.56
19-03-2021 23:58,86.133
20-03-2021 23:58,86.133
21-03-2021 23:58,86.12
22-03-2021 23:58,86.291
23-03-2021 23:58,85.818
24-03-2021 23:58,85.684
25-03-2021 23:58,85.427
26-03-2021 23:58,85.563
27-03-2021 23:58,85.563
28-03-2021 23:58,85.563
29-03-2021 23:58,85.524
30-03-2021 23:58,86.022
31-03-2021 23:58,85.701
01-04-2021 23:58,86.279
02-04-2021 23:58,86.283
03-04-2021 23:58,86.283
04-04-2021 23:58,86.283
05-04-2021 23:58,86.139
06-04-2021 23:58,87.168
07-04-2021 23:58,88.217
08-04-2021 23:58,88.785
09-04-2021 23:58,88.862
10-04-2021 23:58,88.839
11-04-2021 23:58,88.839
12-04-2021 23:58,89.26
13-04-2021 23:58,89.795
14-04-2021 23:58,89.868
15-04-2021 23:58,89.365
16-04-2021 23:58,89.239
17-04-2021 23:58,89.256
18-04-2021 23:58,88.0183
19-04-2021 23:58,90.066
20-04-2021 23:58,90.647
21-04-2021 23:58,90.715
22-04-2021 23:58,90.173
23-04-2021 23:58,90.568
24-04-2021 23:58,90.592
25-04-2021 23:58,90.592
26-04-2021 23:58,90.222
27-04-2021 23:58,90.098
28-04-2021 23:58,90.317
29-04-2021 23:58,89.763
30-04-2021 23:58,88.931
01-05-2021 23:58,88.935
02-05-2021 23:58,88.935
03-05-2021 23:58,88.932
04-05-2021 23:58,88.551
05-05-2021 23:58,88.533
06-05-2021 23:58,88.724
07-05-2021 23:58,89.067
08-05-2021 23:58,89.026
09-05-2021 23:58,89.026
10-05-2021 23:58,89.156
11-05-2021 23:58,89.062
12-05-2021 23:58,88.747
13-05-2021 23:58,88.62
14-05-2021 23:58,88.943
15-05-2021 23:58,88.943
16-05-2021 23:58,88.943
17-05-2021 23:58,89.073
18-05-2021 23:58,89.293
19-05-2021 23:58,89.029
20-05-2021 23:58,89.193
21-05-2021 23:58,88.629
22-05-2021 23:58,88.629
23-05-2021 23:58,88.629
24-05-2021 23:58,88.881
25-05-2021 23:58,89.088
26-05-2021 23:58,88.586
27-05-2021 23:58,88.542
28-05-2021 23:58,88.211
29-05-2021 23:58,88.211
30-05-2021 23:58,88.211
31-05-2021 23:58,88.635
01-06-2021 23:58,88.924
02-06-2021 23:58,89.001
03-06-2021 23:58,88.524
04-06-2021 23:58,88.581
05-06-2021 23:58,88.581
06-06-2021 23:58,88.581
07-06-2021 23:58,88.687
08-06-2021 23:58,88.725
09-06-2021 23:58,88.805
10-06-2021 23:58,88.88
11-06-2021 23:58,88.599
12-06-2021 23:58,88.599
13-06-2021 23:58,88.599
14-06-2021 23:58,88.635
15-06-2021 23:58,88.866
16-06-2021 23:58,87.817
17-06-2021 23:58,88.295
18-06-2021 23:58,87.855
19-06-2021 23:58,87.855
20-06-2021 23:58,87.855
21-06-2021 23:58,88.236
22-06-2021 23:58,88.658
23-06-2021 23:58,88.377
24-06-2021 23:58,88.41
25-06-2021 23:58,88.508
26-06-2021 23:58,88.508
27-06-2021 23:58,88.502
28-06-2021 23:58,88.519
29-06-2021 23:58,88.347
30-06-2021 23:58,88.098
01-07-2021 23:58,88.234
02-07-2021 23:58,88.333
03-07-2021 23:58,88.336
04-07-2021 23:58,88.336
05-07-2021 23:58,88.083
06-07-2021 23:58,88.304
07-07-2021 23:58,88.132
08-07-2021 23:58,88.446
09-07-2021 23:58,88.432
10-07-2021 23:58,88.373
11-07-2021 23:58,88.373
12-07-2021 23:58,88.368
13-07-2021 23:58,87.835
14-07-2021 23:58,88.04
15-07-2021 23:58,87.956
16-07-2021 23:58,88.004
17-07-2021 23:58,88.012
18-07-2021 23:58,88.012
19-07-2021 23:58,88.199
20-07-2021 23:58,87.72
21-07-2021 23:58,87.764
22-07-2021 23:58,87.565
23-07-2021 23:58,87.543
24-07-2021 23:58,87.543
25-07-2021 23:58,87.543
26-07-2021 23:58,87.678
27-07-2021 23:58,87.989
28-07-2021 23:58,88.04
29-07-2021 23:58,88.206
30-07-2021 23:58,88.144
31-07-2021 23:58,88.144
01-08-2021 23:58,88.144
02-08-2021 23:58,88.175
03-08-2021 23:58,88.012
04-08-2021 23:58,87.735
05-08-2021 23:58,87.578
06-08-2021 23:58,87.187
07-08-2021 23:58,87.187
08-08-2021 23:58,87.187
09-08-2021 23:58,87.343
10-08-2021 23:58,87.158
11-08-2021 23:58,86.928
12-08-2021 23:58,87.144
13-08-2021 23:58,87.493
14-08-2021 23:58,87.493
15-08-2021 23:58,87.493
16-08-2021 23:58,87.233
17-08-2021 23:58,87.006
18-08-2021 23:58,86.835
19-08-2021 23:58,86.769
20-08-2021 23:58,86.915
21-08-2021 23:58,86.899
22-08-2021 23:58,86.89
23-08-2021 23:58,86.988
24-08-2021 23:58,87.063
25-08-2021 23:58,87.147
26-08-2021 23:58,87.086
27-08-2021 23:58,86.592
28-08-2021 23:58,86.592
29-08-2021 23:58,86.592
30-08-2021 23:58,86.39
31-08-2021 23:58,86.127
01-09-2021 23:58,86.354
02-09-2021 23:58,86.661
03-09-2021 23:58,86.634
04-09-2021 23:58,86.634
05-09-2021 23:58,86.634
06-09-2021 23:58,86.686
07-09-2021 23:58,86.839
08-09-2021 23:58,87.136
09-09-2021 23:58,86.877
10-09-2021 23:58,86.745
11-09-2021 23:58,86.745
12-09-2021 23:58,86.745
13-09-2021 23:58,86.773
14-09-2021 23:58,86.847
15-09-2021 23:58,86.725
16-09-2021 23:58,86.477
17-09-2021 23:58,86.267
18-09-2021 23:58,86.267
19-09-2021 23:58,86.267
20-09-2021 23:58,86.301
21-09-2021 23:58,86.371
22-09-2021 23:58,86.261
23-09-2021 23:58,86.612
24-09-2021 23:58,86.43
25-09-2021 23:58,86.51
26-09-2021 23:58,86.51
27-09-2021 23:58,86.262
28-09-2021 23:58,86.63
29-09-2021 23:58,86.148
30-09-2021 23:58,85.764
01-10-2021 23:58,85.887
02-10-2021 23:58,85.887
03-10-2021 23:58,85.887
04-10-2021 23:58,86.554
05-10-2021 23:58,86.382
06-10-2021 23:58,86.314
07-10-2021 23:58,86.42
08-10-2021 23:58,86.876
09-10-2021 23:58,86.838
10-10-2021 23:58,86.838
11-10-2021 23:58,87.033
12-10-2021 23:58,86.968
13-10-2021 23:58,87.248
14-10-2021 23:58,86.931
15-10-2021 23:58,87.037
16-10-2021 23:58,87.037
17-10-2021 23:58,87.037
18-10-2021 23:58,87.37
19-10-2021 23:58,87.387
20-10-2021 23:58,87.18
21-10-2021 23:58,87.031
22-10-2021 23:58,87.327
23-10-2021 23:58,87.366
24-10-2021 23:58,87.336
25-10-2021 23:58,87.162
26-10-2021 23:58,86.842
27-10-2021 23:58,87.058
28-10-2021 23:58,87.393
29-10-2021 23:58,86.638
30-10-2021 23:58,86.638
31-10-2021 23:58,86.638
01-11-2021 23:58,86.788
02-11-2021 23:58,86.517
03-11-2021 23:58,86.464
04-11-2021 23:58,86.042
05-11-2021 23:58,85.828
06-11-2021 23:58,85.828
07-11-2021 23:58,85.828
08-11-2021 23:58,85.649
09-11-2021 23:58,85.999
10-11-2021 23:58,85.465
11-11-2021 23:58,85.066
12-11-2021 23:58,85.074
13-11-2021 23:58,85.074
14-11-2021 23:58,85.074
15-11-2021 23:58,84.595
16-11-2021 23:58,84.278
17-11-2021 23:58,84.141
18-11-2021 23:58,84.326
19-11-2021 23:58,83.852
20-11-2021 23:58,83.852
21-11-2021 23:58,83.852
22-11-2021 23:58,83.664
23-11-2021 23:58,83.716
24-11-2021 23:58,83.596
25-11-2021 23:58,83.509
26-11-2021 23:58,84.981
27-11-2021 23:58,84.981
28-11-2021 23:58,84.981
29-11-2021 23:58,84.775
30-11-2021 23:58,85.081
01-12-2021 23:58,84.925
02-12-2021 23:58,84.782
03-12-2021 23:58,85.102
04-12-2021 23:58,85.1425
05-12-2021 23:58,85.1425
06-12-2021 23:58,85.076
07-12-2021 23:58,85.004
08-12-2021 23:58,85.523
09-12-2021 23:58,85.393
10-12-2021 23:58,85.692
11-12-2021 23:58,85.689
12-12-2021 23:58,85.659
13-12-2021 23:58,85.495
14-12-2021 23:58,85.597
15-12-2021 23:58,86.209
16-12-2021 23:58,86.355
17-12-2021 23:58,85.422
18-12-2021 23:58,85.4385
19-12-2021 23:58,85.4385
20-12-2021 23:58,85.397
21-12-2021 23:58,85.448
22-12-2021 23:58,85.5155
23-12-2021 23:58,84.981
24-12-2021 23:58,84.907
25-12-2021 23:58,84.907
26-12-2021 23:58,84.907
27-12-2021 23:58,84.949
28-12-2021 23:58,84.559
29-12-2021 23:58,84.708
30-12-2021 23:58,84.26
31-12-2021 23:58,84.7075
01-01-2022 23:58,84.7075
02-01-2022 23:58,84.7075
03-01-2022 23:58,84.033
04-01-2022 23:58,84.097
05-01-2022 23:58,84.035
06-01-2022 23:58,84.025
07-01-2022 23:58,84.393
08-01-2022 23:58,84.394
09-01-2022 23:58,84.394
10-01-2022 23:58,83.915
11-01-2022 23:58,83.901
12-01-2022 23:58,84.445
13-01-2022 23:58,84.739
14-01-2022 23:58,84.579
15-01-2022 23:58,84.579
16-01-2022 23:58,84.579
17-01-2022 23:58,84.725
18-01-2022 23:58,84.482
19-01-2022 23:58,84.458
20-01-2022 23:58,84.246
21-01-2022 23:58,84.41
22-01-2022 23:58,84.41
23-01-2022 23:58,84.41
24-01-2022 23:58,84.532
25-01-2022 23:58,84.543
26-01-2022 23:58,84.19
27-01-2022 23:58,83.814
28-01-2022 23:58,83.661
29-01-2022 23:58,83.661
30-01-2022 23:58,83.5968
31-01-2022 23:58,83.8575
01-02-2022 23:58,84.26
02-02-2022 23:58,84.542
03-02-2022 23:58,85.363
04-02-2022 23:58,85.477
05-02-2022 23:58,85.477
06-02-2022 23:58,85.477
07-02-2022 23:58,85.398
08-02-2022 23:58,85.309
09-02-2022 23:58,85.451
10-02-2022 23:58,85.717
11-02-2022 23:58,85.52
12-02-2022 23:58,85.528
13-02-2022 23:58,85.528
14-02-2022 23:58,85.578
15-02-2022 23:58,85.463
16-02-2022 23:58,85.358
17-02-2022 23:58,85.321
18-02-2022 23:58,84.578
19-02-2022 23:58,84.578
20-02-2022 23:58,84.578
21-02-2022 23:58,84.261
22-02-2022 23:58,84.552
23-02-2022 23:58,84.381
24-02-2022 23:58,84.613
25-02-2022 23:58,84.626
26-02-2022 23:58,84.602
27-02-2022 23:58,84.6
28-02-2022 23:58,84.696
01-03-2022 23:58,84.345
02-03-2022 23:58,84.065
03-03-2022 23:58,84.069
04-03-2022 23:58,83.517
05-03-2022 23:58,83.6152
06-03-2022 23:58,83.519
07-03-2022 23:58,83.633
08-03-2022 23:58,83.809
09-03-2022 23:58,84.578
10-03-2022 23:58,84.048
11-03-2022 23:58,83.483
12-03-2022 23:58,83.483
13-03-2022 23:58,83.483
14-03-2022 23:58,83.736
15-03-2022 23:58,83.656
16-03-2022 23:58,83.988
17-03-2022 23:58,84.275
18-03-2022 23:58,84.058
19-03-2022 23:58,84.058
20-03-2022 23:58,84.058
21-03-2022 23:58,84.052
22-03-2022 23:58,83.988
23-03-2022 23:58,84.254
24-03-2022 23:58,84.004
25-03-2022 23:58,83.7945
26-03-2022 23:58,83.78
27-03-2022 23:58,83.78
28-03-2022 23:58,83.653
29-03-2022 23:58,83.929
30-03-2022 23:58,84.626
31-03-2022 23:58,84.067
01-04-2022 23:58,83.961
02-04-2022 23:58,83.969
03-04-2022 23:58,83.969
04-04-2022 23:58,82.837
05-04-2022 23:58,82.307
06-04-2022 23:58,82.765
07-04-2022 23:58,82.457
08-04-2022 23:58,82.623
09-04-2022 23:58,82.623
10-04-2022 23:58,82.623
11-04-2022 23:58,82.487
12-04-2022 23:58,82.44
13-04-2022 23:58,82.942
14-04-2022 23:58,82.601
15-04-2022 23:58,82.606
16-04-2022 23:58,82.606
17-04-2022 23:58,82.606
18-04-2022 23:58,83.015
19-04-2022 23:58,82.515
20-04-2022 23:58,82.752
21-04-2022 23:58,82.626
22-04-2022 23:58,82.586
23-04-2022 23:58,82.581
24-04-2022 23:58,82.581
25-04-2022 23:58,82.227
26-04-2022 23:58,81.611
27-04-2022 23:58,80.893
28-04-2022 23:58,80.527
29-04-2022 23:58,80.699
30-04-2022 23:58,80.699
01-05-2022 23:58,80.699
02-05-2022 23:58,80.378
03-05-2022 23:58,80.489
04-05-2022 23:58,81.02
05-05-2022 23:58,80.685
06-05-2022 23:58,81.189
07-05-2022 23:58,81.189
08-05-2022 23:58,81.189
09-05-2022 23:58,81.744
10-05-2022 23:58,81.318
11-05-2022 23:58,81.381
12-05-2022 23:58,80.38
13-05-2022 23:58,80.6555
14-05-2022 23:58,80.6555
15-05-2022 23:58,80.6555
16-05-2022 23:58,81.221
17-05-2022 23:58,81.718
18-05-2022 23:58,81.501
19-05-2022 23:58,81.897
20-05-2022 23:58,82.236
21-05-2022 23:58,82.236
22-05-2022 23:58,82.236
23-05-2022 23:58,82.833
24-05-2022 23:58,83.166
25-05-2022 23:58,82.822
26-05-2022 23:58,83.327
27-05-2022 23:58,83.328
28-05-2022 23:58,83.328
29-05-2022 23:58,83.328
30-05-2022 23:58,83.553
31-05-2022 23:58,83.309
01-06-2022 23:58,82.609
02-06-2022 23:58,83.188
03-06-2022 23:58,83.189
04-06-2022 23:58,83.193
05-06-2022 23:58,83.193
06-06-2022 23:58,83.198
07-06-2022 23:58,83.073
08-06-2022 23:58,83.281
09-06-2022 23:58,82.632
10-06-2022 23:58,82.1945
11-06-2022 23:58,82.1935
12-06-2022 23:58,82.1935
13-06-2022 23:58,81.345
14-06-2022 23:58,81.439
15-06-2022 23:58,81.728
16-06-2022 23:58,82.234
17-06-2022 23:58,81.809
18-06-2022 23:58,82.0981
19-06-2022 23:58,82.0981
20-06-2022 23:58,81.983
21-06-2022 23:58,82.296
22-06-2022 23:58,82.582
23-06-2022 23:58,82.209
24-06-2022 23:58,82.598
25-06-2022 23:58,82.598
26-06-2022 23:58,82.598
27-06-2022 23:58,82.99
28-06-2022 23:58,83.119
29-06-2022 23:58,82.458
30-06-2022 23:58,82.73
01-07-2022 23:58,82.327
02-07-2022 23:58,82.327
03-07-2022 23:58,82.327
04-07-2022 23:58,82.357
05-07-2022 23:58,81.337
06-07-2022 23:58,80.502
07-07-2022 23:58,80.501
08-07-2022 23:58,80.757
09-07-2022 23:58,80.758
10-07-2022 23:58,80.758
11-07-2022 23:58,79.816
12-07-2022 23:58,79.711
13-07-2022 23:58,79.943
14-07-2022 23:58,80.075
15-07-2022 23:58,80.48
16-07-2022 23:58,80.495
17-07-2022 23:58,80.482
18-07-2022 23:58,81.175
19-07-2022 23:58,81.71
20-07-2022 23:58,81.473
21-07-2022 23:58,81.64
22-07-2022 23:58,81.543
23-07-2022 23:58,81.538
24-07-2022 23:58,81.538
25-07-2022 23:58,81.496
26-07-2022 23:58,80.892
27-07-2022 23:58,81.497
28-07-2022 23:58,81.167
29-07-2022 23:58,81.152
30-07-2022 23:58,81.152
31-07-2022 23:58,81.152
01-08-2022 23:58,81.041
02-08-2022 23:58,79.831
03-08-2022 23:58,80.36
04-08-2022 23:58,81.118
05-08-2022 23:58,80.794
06-08-2022 23:58,80.814
07-08-2022 23:58,80.814
08-08-2022 23:58,81.16
09-08-2022 23:58,81.224
10-08-2022 23:58,81.463
11-08-2022 23:58,82.166
12-08-2022 23:58,81.709
13-08-2022 23:58,81.709
14-08-2022 23:58,81.709
15-08-2022 23:58,80.838
16-08-2022 23:58,80.611
17-08-2022 23:58,80.765
18-08-2022 23:58,80.485
19-08-2022 23:58,80.2335
20-08-2022 23:58,80.237
21-08-2022 23:58,80.237
22-08-2022 23:58,79.368
23-08-2022 23:58,79.586
24-08-2022 23:58,79.55
25-08-2022 23:58,79.643
26-08-2022 23:58,79.701
27-08-2022 23:58,79.6825
28-08-2022 23:58,79.6825
29-08-2022 23:58,80.048
30-08-2022 23:58,79.882
31-08-2022 23:58,79.851
01-09-2022 23:58,79.339
02-09-2022 23:58,79.373
03-09-2022 23:58,79.373
04-09-2022 23:58,79.373
05-09-2022 23:58,79.392
06-09-2022 23:58,79.088
07-09-2022 23:58,79.618
08-09-2022 23:58,79.765
09-09-2022 23:58,80.047
10-09-2022 23:58,80.0295
11-09-2022 23:58,80.0295
12-09-2022 23:58,80.379
13-09-2022 23:58,79.443
14-09-2022 23:58,79.316
15-09-2022 23:58,79.753
16-09-2022 23:58,79.824
17-09-2022 23:58,79.826
18-09-2022 23:58,79.826
19-09-2022 23:58,79.936
20-09-2022 23:58,79.524
21-09-2022 23:58,78.577
22-09-2022 23:58,79.757
23-09-2022 23:58,78.7105
24-09-2022 23:58,78.7345
25-09-2022 23:58,78.7345
26-09-2022 23:58,78.626
27-09-2022 23:58,78.409
28-09-2022 23:58,79.053
29-09-2022 23:58,80.1245
30-09-2022 23:58,79.9035
01-10-2022 23:58,79.9035
02-10-2022 23:58,79.9035
03-10-2022 23:58,80.126
04-10-2022 23:58,81.344
05-10-2022 23:58,80.914
06-10-2022 23:58,80.618
07-10-2022 23:58,80.673
08-10-2022 23:58,80.704
09-10-2022 23:58,80.704
10-10-2022 23:58,80.023
11-10-2022 23:58,79.797
12-10-2022 23:58,79.792
13-10-2022 23:58,80.302
14-10-2022 23:58,80.1045
15-10-2022 23:58,80.1045
16-10-2022 23:58,80.1045
17-10-2022 23:58,80.894
18-10-2022 23:58,81.171
19-10-2022 23:58,81.078
20-10-2022 23:58,80.986
21-10-2022 23:58,81.394
22-10-2022 23:58,81.402
23-10-2022 23:58,81.402
24-10-2022 23:58,81.822
25-10-2022 23:58,82.14
26-10-2022 23:58,82.682
27-10-2022 23:58,82.137
28-10-2022 23:58,81.988
29-10-2022 23:58,81.988
30-10-2022 23:58,81.988
31-10-2022 23:58,81.845
01-11-2022 23:58,81.66
02-11-2022 23:58,81.217
03-11-2022 23:58,80.607
04-11-2022 23:58,81.654
05-11-2022 23:58,81.671
06-11-2022 23:58,81.671
07-11-2022 23:58,81.979
08-11-2022 23:58,82.015
09-11-2022 23:58,81.51
10-11-2022 23:58,82.204
11-11-2022 23:58,83.355
12-11-2022 23:58,82.921
13-11-2022 23:58,82.921
14-11-2022 23:58,83.568
15-11-2022 23:58,84.014
16-11-2022 23:58,84.706
17-11-2022 23:58,84.476
18-11-2022 23:58,84.2925
19-11-2022 23:58,84.2925
20-11-2022 23:58,84.2925
21-11-2022 23:58,83.714
22-11-2022 23:58,84.244
23-11-2022 23:58,85.029
24-11-2022 23:58,84.973
25-11-2022 23:58,84.9695
26-11-2022 23:58,84.9695
27-11-2022 23:58,84.9695
28-11-2022 23:58,84.467
29-11-2022 23:58,84.254
30-11-2022 23:58,84.824
01-12-2022 23:58,85.451
02-12-2022 23:58,85.835
03-12-2022 23:58,85.835
04-12-2022 23:58,85.835
05-12-2022 23:58,85.966
06-12-2022 23:58,86.334
07-12-2022 23:58,86.434
08-12-2022 23:58,86.882
09-12-2022 23:58,86.829
10-12-2022 23:58,86.822
11-12-2022 23:58,86.822
12-12-2022 23:58,87.118
13-12-2022 23:58,87.569
14-12-2022 23:58,88.072
15-12-2022 23:58,88.032
16-12-2022 23:58,87.578
17-12-2022 23:58,87.556
18-12-2022 23:58,87.556
19-12-2022 23:58,87.636
20-12-2022 23:58,87.773
21-12-2022 23:58,87.924
22-12-2022 23:58,87.856
23-12-2022 23:58,87.8855
24-12-2022 23:58,87.8855
25-12-2022 23:58,87.8855
26-12-2022 23:58,87.9071
27-12-2022 23:58,88.112
28-12-2022 23:58,87.854
29-12-2022 23:58,88.293
30-12-2022 23:58,88.566
31-12-2022 23:58,88.566
01-01-2023 23:58,88.566
02-01-2023 23:58,88.36
03-01-2023 23:58,87.299
04-01-2023 23:58,87.701
05-01-2023 23:58,86.907
06-01-2023 23:58,87.581
07-01-2023 23:58,87.581
08-01-2023 23:58,87.581
09-01-2023 23:58,88.216
10-01-2023 23:58,87.662
11-01-2023 23:58,87.877
12-01-2023 23:58,88.084
13-01-2023 23:58,88.067
14-01-2023 23:58,88.032
15-01-2023 23:58,88.032
16-01-2023 23:58,88.433
17-01-2023 23:58,88.064
18-01-2023 23:58,87.936
19-01-2023 23:58,88.029
20-01-2023 23:58,87.942
21-01-2023 23:58,87.942
22-01-2023 23:58,87.942
23-01-2023 23:58,88.594
24-01-2023 23:58,88.856
25-01-2023 23:58,89.035
26-01-2023 23:58,88.726
27-01-2023 23:58,88.599
28-01-2023 23:58,88.599
29-01-2023 23:58,88.599
30-01-2023 23:58,88.455
31-01-2023 23:58,88.809
01-02-2023 23:58,90.027
02-02-2023 23:58,89.471
03-02-2023 23:58,88.7675
04-02-2023 23:58,88.771
05-02-2023 23:58,88.771
06-02-2023 23:58,88.784
07-02-2023 23:58,88.911
08-02-2023 23:58,88.578
09-02-2023 23:58,88.643
10-02-2023 23:58,88.107
11-02-2023 23:58,88.107
12-02-2023 23:58,88.107
13-02-2023 23:58,88.627
14-02-2023 23:58,89.009
15-02-2023 23:58,88.492
16-02-2023 23:58,88.212
17-02-2023 23:58,88.502
18-02-2023 23:58,88.508
19-02-2023 23:58,88.513
20-02-2023 23:58,88.354
21-02-2023 23:58,88.265
22-02-2023 23:58,87.847
23-02-2023 23:58,87.566
24-02-2023 23:58,87.447
25-02-2023 23:58,87.453
26-02-2023 23:58,87.453
27-02-2023 23:58,87.686
28-02-2023 23:58,87.414
01-03-2023 23:58,87.934
02-03-2023 23:58,87.296
03-03-2023 23:58,86.896
04-03-2023 23:58,86.896
05-03-2023 23:58,86.896
06-03-2023 23:58,87.428
07-03-2023 23:58,86.528
08-03-2023 23:58,86.463
09-03-2023 23:58,86.815
10-03-2023 23:58,87.208
11-03-2023 23:58,87.224
12-03-2023 23:58,87.224
13-03-2023 23:58,88.218
14-03-2023 23:58,88.24
15-03-2023 23:58,87.745
16-03-2023 23:58,87.696
17-03-2023 23:58,88.029
18-03-2023 23:58,88.0385
19-03-2023 23:58,88.0385
20-03-2023 23:58,88.448
21-03-2023 23:58,89.076
22-03-2023 23:58,89.705
23-03-2023 23:58,89.13
24-03-2023 23:58,88.6055
25-03-2023 23:58,88.6055
26-03-2023 23:58,88.6055
27-03-2023 23:58,88.842
28-03-2023 23:58,89.054
29-03-2023 23:58,89.135
30-03-2023 23:58,89.522
31-03-2023 23:58,89.106
01-04-2023 23:58,89.106
02-04-2023 23:58,89.106
03-04-2023 23:58,89.677
04-04-2023 23:58,89.968
05-04-2023 23:58,89.358
06-04-2023 23:58,89.3815
07-04-2023 23:58,89.374
08-04-2023 23:58,89.3855
09-04-2023 23:58,89.3855
10-04-2023 23:58,89.29
11-04-2023 23:58,89.596
12-04-2023 23:58,90.14
13-04-2023 23:58,90.259
14-04-2023 23:58,89.989
15-04-2023 23:58,89.988
16-04-2023 23:58,89.988
17-04-2023 23:58,89.591
18-04-2023 23:58,90.119
19-04-2023 23:58,90.143
20-04-2023 23:58,90.099
21-04-2023 23:58,90.17
22-04-2023 23:58,90.17
23-04-2023 23:58,90.17
24-04-2023 23:58,90.623
25-04-2023 23:58,90.017
26-04-2023 23:58,90.304
27-04-2023 23:58,90.209
28-04-2023 23:58,90.055
29-04-2023 23:58,90.057
30-04-2023 23:58,90.057
01-05-2023 23:58,89.853
02-05-2023 23:58,90.029
03-05-2023 23:58,90.522
04-05-2023 23:58,90.076
05-05-2023 23:58,90.052
06-05-2023 23:58,90.052
07-05-2023 23:58,90.052
08-05-2023 23:58,89.925
09-05-2023 23:58,90.02
10-05-2023 23:58,89.984
11-05-2023 23:58,89.596
12-05-2023 23:58,89.1755
13-05-2023 23:58,89.188
14-05-2023 23:58,89.1745
15-05-2023 23:58,89.448
16-05-2023 23:58,89.41
17-05-2023 23:58,89.359
18-05-2023 23:58,89.136
19-05-2023 23:58,89.587
20-05-2023 23:58,89.584
21-05-2023 23:58,89.584
22-05-2023 23:58,89.527
23-05-2023 23:58,89.205
24-05-2023 23:58,88.918
25-05-2023 23:58,88.731
26-05-2023 23:58,88.571
27-05-2023 23:58,88.571
28-05-2023 23:58,88.7601
29-05-2023 23:58,88.454
30-05-2023 23:58,88.746
31-05-2023 23:58,88.396
01-06-2023 23:58,88.53
02-06-2023 23:58,88.2945
03-06-2023 23:58,88.2125
04-06-2023 23:58,88.2125
05-06-2023 23:58,88.378
06-06-2023 23:58,88.27
07-06-2023 23:58,88.459
08-06-2023 23:58,88.98
09-06-2023 23:58,88.62
10-06-2023 23:58,88.62
11-06-2023 23:58,88.62
12-06-2023 23:58,88.703
13-06-2023 23:58,88.733
14-06-2023 23:58,88.961
15-06-2023 23:58,89.658
16-06-2023 23:58,89.634
17-06-2023 23:58,89.634
18-06-2023 23:58,89.6305
19-06-2023 23:58,89.492
20-06-2023 23:58,89.535
21-06-2023 23:58,90.069
22-06-2023 23:58,89.803
23-06-2023 23:58,89.303
24-06-2023 23:58,89.29
25-06-2023 23:58,89.305
26-06-2023 23:58,89.461
27-06-2023 23:58,89.867
28-06-2023 23:58,89.56
29-06-2023 23:58,89.183
30-06-2023 23:58,89.531
01-07-2023 23:58,89.531
02-07-2023 23:58,89.012
03-07-2023 23:58,89.432
04-07-2023 23:58,89.204
05-07-2023 23:58,89.439
06-07-2023 23:58,90.149
07-07-2023 23:58,90.6225
08-07-2023 23:58,90.62
09-07-2023 23:58,90.149
10-07-2023 23:58,90.807
11-07-2023 23:58,90.755
12-07-2023 23:58,91.319
13-07-2023 23:58,92.085
14-07-2023 23:58,92.204
15-07-2023 23:58,92.166
16-07-2023 23:58,92.166
17-07-2023 23:58,92.221
18-07-2023 23:58,92.144
19-07-2023 23:58,91.935
20-07-2023 23:58,91.395
21-07-2023 23:58,91.214
22-07-2023 23:58,91.214
23-07-2023 23:58,91.2221
24-07-2023 23:58,90.511
25-07-2023 23:58,90.45
26-07-2023 23:58,90.79
27-07-2023 23:58,90.209
28-07-2023 23:58,90.617
29-07-2023 23:58,90.621
30-07-2023 23:58,90.39
31-07-2023 23:58,90.435
01-08-2023 23:58,90.606
02-08-2023 23:58,90.473
03-08-2023 23:58,90.655
04-08-2023 23:58,91.01
05-08-2023 23:58,91.0065
06-08-2023 23:58,90.616
07-08-2023 23:58,91.046
08-08-2023 23:58,90.747
09-08-2023 23:58,90.965
10-08-2023 23:58,90.962
11-08-2023 23:58,90.798
12-08-2023 23:58,90.804
13-08-2023 23:58,91.0861
14-08-2023 23:58,90.726
15-08-2023 23:58,90.723
16-08-2023 23:58,90.5665
17-08-2023 23:58,90.3855
18-08-2023 23:58,90.389
19-08-2023 23:58,90.319
20-08-2023 23:58,90.385
21-08-2023 23:58,90.56
22-08-2023 23:58,90.112
23-08-2023 23:58,89.679
24-08-2023 23:58,89.252
25-08-2023 23:58,89.109
26-08-2023 23:58,89.3125
27-08-2023 23:58,89.106
28-08-2023 23:58,89.517
29-08-2023 23:58,89.675
30-08-2023 23:58,90.4
31-08-2023 23:58,89.64
01-09-2023 23:58,89.0895
02-09-2023 23:58,89.093
03-09-2023 23:58,89.7507
04-09-2023 23:58,89.302
05-09-2023 23:58,89.133
06-09-2023 23:58,89.259
07-09-2023 23:58,88.938
08-09-2023 23:58,88.772
09-09-2023 23:58,88.772
10-09-2023 23:58,88.8093
11-09-2023 23:58,89.171
12-09-2023 23:58,89.087
13-09-2023 23:58,89.048
14-09-2023 23:58,88.3075
15-09-2023 23:58,88.5915
16-09-2023 23:58,88.584
17-09-2023 23:58,88.584
18-09-2023 23:58,89.043
19-09-2023 23:58,88.871
20-09-2023 23:58,88.444
21-09-2023 23:58,88.327
22-09-2023 23:58,88.447
23-09-2023 23:58,88.1786
24-09-2023 23:58,88.46
25-09-2023 23:58,87.937
26-09-2023 23:58,88.036
27-09-2023 23:58,87.473
28-09-2023 23:58,87.878
29-09-2023 23:58,87.9635
30-09-2023 23:58,88.103
01-10-2023 23:58,88.103
02-10-2023 23:58,87.197
03-10-2023 23:58,87.135
04-10-2023 23:58,87.498
05-10-2023 23:58,87.8995
06-10-2023 23:58,87.9895
07-10-2023 23:58,87.8479
08-10-2023 23:58,88.0065
09-10-2023 23:58,88.093
10-10-2023 23:58,88.278
11-10-2023 23:58,88.384
12-10-2023 23:58,87.726
13-10-2023 23:58,87.484
14-10-2023 23:58,87.5005
15-10-2023 23:58,87.5582
16-10-2023 23:58,87.829
17-10-2023 23:58,88.035
18-10-2023 23:58,87.722
19-10-2023 23:58,87.981
20-10-2023 23:58,88.118
21-10-2023 23:58,88.122
22-10-2023 23:58,88.122
23-10-2023 23:58,88.565
24-10-2023 23:58,87.938
25-10-2023 23:58,87.886
26-10-2023 23:58,87.981
27-10-2023 23:58,88.064
28-10-2023 23:58,88.1065
29-10-2023 23:58,87.858
30-10-2023 23:58,88.366
31-10-2023 23:58,88.063
01-11-2023 23:58,90.183
02-11-2023 23:58,88.374
03-11-2023 23:58,89.188
04-11-2023 23:58,88.6108
05-11-2023 23:58,89.189
06-11-2023 23:58,89.202
07-11-2023 23:58,89.019
08-11-2023 23:58,89.101
09-11-2023 23:58,88.818
10-11-2023 23:58,89.027
11-11-2023 23:58,88.999
12-11-2023 23:58,88.9352
13-11-2023 23:58,89.02
14-11-2023 23:58,90.249
15-11-2023 23:58,90.2035
16-11-2023 23:58,90.211
17-11-2023 23:58,90.8545
18-11-2023 23:58,90.852
19-11-2023 23:58,90.4732
20-11-2023 23:58,91.1945
21-11-2023 23:58,90.907
22-11-2023 23:58,90.963
23-11-2023 23:58,90.883
24-11-2023 23:58,91.179
25-11-2023 23:58,91.178
26-11-2023 23:58,91.178
27-11-2023 23:58,91.276
28-11-2023 23:58,91.637
29-11-2023 23:58,91.294
30-11-2023 23:58,90.737
01-12-2023 23:58,90.5705
02-12-2023 23:58,90.747
03-12-2023 23:58,90.747
04-12-2023 23:58,90.382
05-12-2023 23:58,89.942
06-12-2023 23:58,89.747
07-12-2023 23:58,89.956
08-12-2023 23:58,89.7995
09-12-2023 23:58,89.9095
10-12-2023 23:58,89.9095
11-12-2023 23:58,89.71
12-12-2023 23:58,90.052
13-12-2023 23:58,90.637
14-12-2023 23:58,91.567
15-12-2023 23:58,90.4745
16-12-2023 23:58,91.0414
17-12-2023 23:58,91.0414
18-12-2023 23:58,90.754
19-12-2023 23:58,91.229
20-12-2023 23:58,91.039
21-12-2023 23:58,91.484
22-12-2023 23:58,91.6185
23-12-2023 23:58,91.6155
24-12-2023 23:58,91.6702
25-12-2023 23:58,91.6702
26-12-2023 23:58,91.6702
27-12-2023 23:58,92.496
28-12-2023 23:58,91.9765
29-12-2023 23:58,91.866
30-12-2023 23:58,92.142
31-12-2023 23:58,91.869
01-01-2024 23:58,92.142
02-01-2024 23:58,91.138
03-01-2024 23:58,91.06
04-01-2024 23:58,91.108
05-01-2024 23:58,90.988
06-01-2024 23:58,90.9695
07-01-2024 23:58,90.7557
08-01-2024 23:58,90.938
09-01-2024 23:58,90.874
10-01-2024 23:58,91.121
11-01-2024 23:58,91.236
12-01-2024 23:58,90.729
13-01-2024 23:58,90.7345
14-01-2024 23:58,90.7345
15-01-2024 23:58,90.722
16-01-2024 23:58,90.393
17-01-2024 23:58,90.522
18-01-2024 23:58,90.46
19-01-2024 23:58,90.569
20-01-2024 23:58,90.582
21-01-2024 23:58,90.4372
22-01-2024 23:58,90.4185
23-01-2024 23:58,90.3645
24-01-2024 23:58,90.426
25-01-2024 23:58,90.18
26-01-2024 23:58,90.2185
27-01-2024 23:58,90.208
28-01-2024 23:58,90.208
29-01-2024 23:58,90.105
30-01-2024 23:58,90.132
31-01-2024 23:58,89.728
01-02-2024 23:58,90.164
02-02-2024 23:58,89.545
03-02-2024 23:58,89.544
04-02-2024 23:58,90.2182
05-02-2024 23:58,89.201
06-02-2024 23:58,89.341
07-02-2024 23:58,89.481
08-02-2024 23:58,89.358
09-02-2024 23:58,89.525
10-02-2024 23:58,89.4184
11-02-2024 23:58,89.524
12-02-2024 23:58,89.39
13-02-2024 23:58,88.894
14-02-2024 23:58,89.116
15-02-2024 23:58,89.437
16-02-2024 23:58,89.461
17-02-2024 23:58,89.4613
18-02-2024 23:58,89.458
19-02-2024 23:58,89.483
20-02-2024 23:58,89.512
21-02-2024 23:58,89.755
22-02-2024 23:58,89.6925
23-02-2024 23:58,89.6885
24-02-2024 23:58,89.691
25-02-2024 23:58,89.691
26-02-2024 23:58,89.901
27-02-2024 23:58,89.904
28-02-2024 23:58,89.858
29-02-2024 23:58,89.607
01-03-2024 23:58,89.794
02-03-2024 23:58,89.791
03-03-2024 23:58,89.791
04-03-2024 23:58,90.0145
05-03-2024 23:58,90.007
06-03-2024 23:58,90.356
07-03-2024 23:58,90.678
08-03-2024 23:58,90.511
09-03-2024 23:58,90.404
10-03-2024 23:58,90.512
11-03-2024 23:58,90.481
12-03-2024 23:58,90.463
13-03-2024 23:58,90.736
14-03-2024 23:58,90.254
15-03-2024 23:58,90.259
16-03-2024 23:58,90.253
