Date,GBPINR
01-01-2020 23:58,94.13277
02-01-2020 23:58,93.83706
03-01-2020 23:58,93.79446
04-01-2020 23:58,93.79446
05-01-2020 23:58,93.79446
06-01-2020 23:58,94.58544
07-01-2020 23:58,94.63358
08-01-2020 23:58,93.90923
09-01-2020 23:58,93.15802
10-01-2020 23:58,92.67276
11-01-2020 23:58,92.67739
12-01-2020 23:58,92.69655
13-01-2020 23:58,91.86451
14-01-2020 23:58,92.24871
15-01-2020 23:58,92.47703
16-01-2020 23:58,92.78773
17-01-2020 23:58,92.3844
18-01-2020 23:58,92.3844
19-01-2020 23:58,92.3844
20-01-2020 23:58,92.64304
21-01-2020 23:58,93.33389
22-01-2020 23:58,93.65823
23-01-2020 23:58,93.58045
24-01-2020 23:58,93.25919
25-01-2020 23:58,93.25919
26-01-2020 23:58,93.25919
27-01-2020 23:58,93.30125
28-01-2020 23:58,92.78416
29-01-2020 23:58,92.83457
30-01-2020 23:58,93.75859
31-01-2020 23:58,94.41632
01-02-2020 23:58,94.41632
02-02-2020 23:58,94.41632
03-02-2020 23:58,92.69911
04-02-2020 23:58,92.66541
05-02-2020 23:58,92.52427
06-02-2020 23:58,92.39162
07-02-2020 23:58,92.13284
08-02-2020 23:58,92.13284
09-02-2020 23:58,92.13284
10-02-2020 23:58,92.08487
11-02-2020 23:58,92.3497
12-02-2020 23:58,92.36903
13-02-2020 23:58,93.04599
14-02-2020 23:58,93.31385
15-02-2020 23:58,93.31385
16-02-2020 23:58,93.31385
17-02-2020 23:58,92.78835
18-02-2020 23:58,93.09642
19-02-2020 23:58,92.77656
20-02-2020 23:58,92.90072
21-02-2020 23:58,93.14275
22-02-2020 23:58,93.14275
23-02-2020 23:58,93.14275
24-02-2020 23:58,93.3535
25-02-2020 23:58,93.45572
26-02-2020 23:58,92.83365
27-02-2020 23:58,92.71241
28-02-2020 23:58,92.46444
29-02-2020 23:58,92.46444
01-03-2020 23:58,92.46444
02-03-2020 23:58,92.97798
03-03-2020 23:58,94.6544
04-03-2020 23:58,95.29709
05-03-2020 23:58,96.30666
06-03-2020 23:58,96.52328
07-03-2020 23:58,96.55728
08-03-2020 23:58,96.57835
09-03-2020 23:58,98.27409
10-03-2020 23:58,95.77098
11-03-2020 23:58,95.81729
12-03-2020 23:58,94.69514
13-03-2020 23:58,90.69085
14-03-2020 23:58,90.69085
15-03-2020 23:58,90.69085
16-03-2020 23:58,92.19493
17-03-2020 23:58,90.42073
18-03-2020 23:58,87.15999
19-03-2020 23:58,87.644
20-03-2020 23:58,88.06367
21-03-2020 23:58,88.06367
22-03-2020 23:58,88.06425
23-03-2020 23:58,90.10575
24-03-2020 23:58,91.08486
25-03-2020 23:58,90.40142
26-03-2020 23:58,92.85022
27-03-2020 23:58,93.23698
28-03-2020 23:58,93.23698
29-03-2020 23:58,93.98792
30-03-2020 23:58,93.50555
31-03-2020 23:58,93.51218
01-04-2020 23:58,96.02692
02-04-2020 23:58,95.55308
03-04-2020 23:58,93.74847
04-04-2020 23:58,93.74847
05-04-2020 23:58,93.16053
06-04-2020 23:58,92.92616
07-04-2020 23:58,93.51101
08-04-2020 23:58,95.24347
09-04-2020 23:58,95.47952
10-04-2020 23:58,94.817
11-04-2020 23:58,94.817
12-04-2020 23:58,94.95792
13-04-2020 23:58,95.49853
14-04-2020 23:58,96.39569
15-04-2020 23:58,96.0695
16-04-2020 23:58,96.83943
17-04-2020 23:58,95.65155
18-04-2020 23:58,95.66133
19-04-2020 23:58,95.62888
20-04-2020 23:58,96.04528
21-04-2020 23:58,95.5394
22-04-2020 23:58,94.29072
23-04-2020 23:58,94.42179
24-04-2020 23:58,94.37222
25-04-2020 23:58,94.38203
26-04-2020 23:58,94.34784
27-04-2020 23:58,95.19995
28-04-2020 23:58,95.07734
29-04-2020 23:58,93.88648
30-04-2020 23:58,94.8449
01-05-2020 23:58,94.80448
02-05-2020 23:58,94.78648
03-05-2020 23:58,94.78648
04-05-2020 23:58,94.565
05-05-2020 23:58,94.51815
06-05-2020 23:58,94.37801
07-05-2020 23:58,94.13686
08-05-2020 23:58,93.62899
09-05-2020 23:58,93.62999
10-05-2020 23:58,93.69631
11-05-2020 23:58,94.09255
12-05-2020 23:58,92.75647
13-05-2020 23:58,92.21514
14-05-2020 23:58,92.33664
15-05-2020 23:58,91.7632
16-05-2020 23:58,91.7632
17-05-2020 23:58,91.65761
18-05-2020 23:58,92.21832
19-05-2020 23:58,92.79008
20-05-2020 23:58,92.40399
21-05-2020 23:58,92.43779
22-05-2020 23:58,92.44733
23-05-2020 23:58,92.44733
24-05-2020 23:58,92.59744
25-05-2020 23:58,92.54007
26-05-2020 23:58,93.51258
27-05-2020 23:58,93.18173
28-05-2020 23:58,93.28523
29-05-2020 23:58,93.26223
30-05-2020 23:58,93.26223
31-05-2020 23:58,93.2256
01-06-2020 23:58,94.56616
02-06-2020 23:58,94.70102
03-06-2020 23:58,94.99217
04-06-2020 23:58,95.39001
05-06-2020 23:58,95.72092
06-06-2020 23:58,95.72092
07-06-2020 23:58,96.02047
08-06-2020 23:58,96.03442
09-06-2020 23:58,95.98858
10-06-2020 23:58,96.42841
11-06-2020 23:58,96.08651
12-06-2020 23:58,95.25282
13-06-2020 23:58,95.25282
14-06-2020 23:58,94.95075
15-06-2020 23:58,96.13125
16-06-2020 23:58,96.09803
17-06-2020 23:58,96.08385
18-06-2020 23:58,94.96013
19-06-2020 23:58,94.20471
20-06-2020 23:58,94.20471
21-06-2020 23:58,94.0838
22-06-2020 23:58,94.97132
23-06-2020 23:58,94.95906
24-06-2020 23:58,94.31058
25-06-2020 23:58,93.85966
26-06-2020 23:58,93.30405
27-06-2020 23:58,93.30405
28-06-2020 23:58,93.28235
29-06-2020 23:58,93.18743
30-06-2020 23:58,93.84484
01-07-2020 23:58,94.10013
02-07-2020 23:58,93.3685
03-07-2020 23:58,93.2137
04-07-2020 23:58,93.2137
05-07-2020 23:58,93.14769
06-07-2020 23:58,93.21743
07-07-2020 23:58,94.04045
08-07-2020 23:58,94.52448
09-07-2020 23:58,94.9947
10-07-2020 23:58,94.87295
11-07-2020 23:58,94.90756
12-07-2020 23:58,94.90705
13-07-2020 23:58,94.76162
14-07-2020 23:58,94.91
15-07-2020 23:58,94.89579
16-07-2020 23:58,94.70948
17-07-2020 23:58,94.14845
18-07-2020 23:58,94.14845
19-07-2020 23:58,94.13288
20-07-2020 23:58,94.65046
21-07-2020 23:58,95.1799
22-07-2020 23:58,95.24113
23-07-2020 23:58,95.54432
24-07-2020 23:58,95.54003
25-07-2020 23:58,95.54003
26-07-2020 23:58,95.60186
27-07-2020 23:58,96.37322
28-07-2020 23:58,97.04685
29-07-2020 23:58,97.4096
30-07-2020 23:58,98.30822
31-07-2020 23:58,97.98748
01-08-2020 23:58,97.98748
02-08-2020 23:58,98.11123
03-08-2020 23:58,98.29234
04-08-2020 23:58,98.47543
05-08-2020 23:58,98.58101
06-08-2020 23:58,98.68115
07-08-2020 23:58,97.91191
08-08-2020 23:58,97.92215
09-08-2020 23:58,97.91165
10-08-2020 23:58,97.91077
11-08-2020 23:58,97.78706
12-08-2020 23:58,97.55131
13-08-2020 23:58,98.06305
14-08-2020 23:58,97.95158
15-08-2020 23:58,97.95158
16-08-2020 23:58,98.13087
17-08-2020 23:58,98.28718
18-08-2020 23:58,99.12793
19-08-2020 23:58,98.57181
20-08-2020 23:58,99.38783
21-08-2020 23:58,98.00973
22-08-2020 23:58,98.00973
23-08-2020 23:58,98.14804
24-08-2020 23:58,97.26026
25-08-2020 23:58,97.94706
26-08-2020 23:58,98.40426
27-08-2020 23:58,97.38628
28-08-2020 23:58,97.63213
29-08-2020 23:58,97.63213
30-08-2020 23:58,97.62676
31-08-2020 23:58,98.46542
01-09-2020 23:58,98.17768
02-09-2020 23:58,98.09608
03-09-2020 23:58,97.72883
04-09-2020 23:58,97.16055
05-09-2020 23:58,97.16055
06-09-2020 23:58,97.07646
07-09-2020 23:58,96.92703
08-09-2020 23:58,95.69192
09-09-2020 23:58,95.64556
10-09-2020 23:58,94.52414
11-09-2020 23:58,93.96289
12-09-2020 23:58,93.96289
13-09-2020 23:58,94.05742
14-09-2020 23:58,94.55398
15-09-2020 23:58,94.80942
16-09-2020 23:58,95.62298
17-09-2020 23:58,95.49565
18-09-2020 23:58,95.0953
19-09-2020 23:58,95.0953
20-09-2020 23:58,95.12849
21-09-2020 23:58,94.32305
22-09-2020 23:58,93.63802
23-09-2020 23:58,94.0825
24-09-2020 23:58,94.27777
25-09-2020 23:58,93.91914
26-09-2020 23:58,93.91914
27-09-2020 23:58,94.0312
28-09-2020 23:58,95.04371
29-09-2020 23:58,94.99826
30-09-2020 23:58,95.21134
01-10-2020 23:58,94.60853
02-10-2020 23:58,94.81447
03-10-2020 23:58,94.81447
04-10-2020 23:58,94.79731
05-10-2020 23:58,95.20036
06-10-2020 23:58,95.08076
07-10-2020 23:58,95.00142
08-10-2020 23:58,95.05098
09-10-2020 23:58,95.20371
10-10-2020 23:58,95.20371
11-10-2020 23:58,95.15189
12-10-2020 23:58,95.83329
13-10-2020 23:58,94.96023
14-10-2020 23:58,95.36989
15-10-2020 23:58,94.92291
16-10-2020 23:58,94.87426
17-10-2020 23:58,94.87426
18-10-2020 23:58,94.91583
19-10-2020 23:58,95.25734
20-10-2020 23:58,95.19984
21-10-2020 23:58,96.97348
22-10-2020 23:58,96.52607
23-10-2020 23:58,96.32917
24-10-2020 23:58,96.32917
25-10-2020 23:58,96.3295
26-10-2020 23:58,96.5037
27-10-2020 23:58,95.9256
28-10-2020 23:58,96.67747
29-10-2020 23:58,96.01345
30-10-2020 23:58,96.54238
31-10-2020 23:58,96.5194
01-11-2020 23:58,96.5194
02-11-2020 23:58,96.25419
03-11-2020 23:58,98.20257
04-11-2020 23:58,96.66561
05-11-2020 23:58,97.35083
06-11-2020 23:58,97.30621
07-11-2020 23:58,97.30621
08-11-2020 23:58,97.30621
09-11-2020 23:58,97.63328
10-11-2020 23:58,98.74601
11-11-2020 23:58,98.59323
12-11-2020 23:58,98.23001
13-11-2020 23:58,98.31791
14-11-2020 23:58,98.31791
15-11-2020 23:58,98.31791
16-11-2020 23:58,98.26465
17-11-2020 23:58,98.76019
18-11-2020 23:58,98.75069
19-11-2020 23:58,98.45402
20-11-2020 23:58,98.54486
21-11-2020 23:58,98.54519
22-11-2020 23:58,98.54486
23-11-2020 23:58,98.99547
24-11-2020 23:58,98.9586
25-11-2020 23:58,99.04403
26-11-2020 23:58,98.90515
27-11-2020 23:58,98.42252
28-11-2020 23:58,98.42152
29-11-2020 23:58,98.42152
30-11-2020 23:58,98.85107
01-12-2020 23:58,98.60311
02-12-2020 23:58,98.46954
03-12-2020 23:58,99.36172
04-12-2020 23:58,99.15974
05-12-2020 23:58,99.15974
06-12-2020 23:58,99.15974
07-12-2020 23:58,98.60506
08-12-2020 23:58,98.91751
09-12-2020 23:58,98.54349
10-12-2020 23:58,98.06289
11-12-2020 23:58,97.53632
12-12-2020 23:58,97.53632
13-12-2020 23:58,97.53632
14-12-2020 23:58,98.14888
15-12-2020 23:58,99.16627
16-12-2020 23:58,99.65167
17-12-2020 23:58,99.77516
18-12-2020 23:58,99.61658
19-12-2020 23:58,99.61658
20-12-2020 23:58,99.61658
21-12-2020 23:58,99.82882
22-12-2020 23:58,99.10635
23-12-2020 23:58,99.67912
24-12-2020 23:58,99.80028
25-12-2020 23:58,99.91868
26-12-2020 23:58,99.91868
27-12-2020 23:58,99.91868
28-12-2020 23:58,98.97925
29-12-2020 23:58,99.43569
30-12-2020 23:58,99.9632
31-12-2020 23:58,100.0508
01-01-2021 23:58,99.94306
02-01-2021 23:58,99.94306
03-01-2021 23:58,99.94306
04-01-2021 23:58,99.47137
05-01-2021 23:58,99.66126
06-01-2021 23:58,99.67354
07-01-2021 23:58,99.66821
08-01-2021 23:58,99.52872
09-01-2021 23:58,99.47795
10-01-2021 23:58,99.47795
11-01-2021 23:58,100.228
12-01-2021 23:58,100.3976
13-01-2021 23:58,99.79342
14-01-2021 23:58,100.0036
15-01-2021 23:58,99.34019
16-01-2021 23:58,99.35186
17-01-2021 23:58,99.35186
18-01-2021 23:58,99.38972
19-01-2021 23:58,99.80147
20-01-2021 23:58,99.57405
21-01-2021 23:58,100.1792
22-01-2021 23:58,99.90816
23-01-2021 23:58,99.90816
24-01-2021 23:58,99.91587
25-01-2021 23:58,99.77575
26-01-2021 23:58,100.1966
27-01-2021 23:58,99.82307
28-01-2021 23:58,100.1201
29-01-2021 23:58,99.9749
30-01-2021 23:58,99.96275
31-01-2021 23:58,99.96375
01-02-2021 23:58,99.99152
02-02-2021 23:58,99.64216
03-02-2021 23:58,99.43837
04-02-2021 23:58,99.69571
05-02-2021 23:58,99.98699
06-02-2021 23:58,99.98699
07-02-2021 23:58,99.98699
08-02-2021 23:58,100.2161
09-02-2021 23:58,100.6654
10-02-2021 23:58,100.698
11-02-2021 23:58,100.4178
12-02-2021 23:58,100.48
13-02-2021 23:58,100.4802
14-02-2021 23:58,100.6919
15-02-2021 23:58,101.0224
16-02-2021 23:58,101.3577
17-02-2021 23:58,100.9389
18-02-2021 23:58,101.4113
19-02-2021 23:58,101.6146
20-02-2021 23:58,101.6151
21-02-2021 23:58,101.6151
22-02-2021 23:58,101.9439
23-02-2021 23:58,102.0984
24-02-2021 23:58,102.416
25-02-2021 23:58,102.5332
26-02-2021 23:58,102.5122
27-02-2021 23:58,102.5122
28-02-2021 23:58,102.5122
01-03-2021 23:58,102.1115
02-03-2021 23:58,102.234
03-03-2021 23:58,101.5616
04-03-2021 23:58,101.5621
05-03-2021 23:58,101.1271
06-03-2021 23:58,101.1271
07-03-2021 23:58,101.1271
08-03-2021 23:58,101.3862
09-03-2021 23:58,101.067
10-03-2021 23:58,101.2954
11-03-2021 23:58,101.6205
12-03-2021 23:58,101.3008
13-03-2021 23:58,101.3008
14-03-2021 23:58,101.1747
15-03-2021 23:58,100.7876
16-03-2021 23:58,100.8109
17-03-2021 23:58,100.9487
18-03-2021 23:58,101.1924
19-03-2021 23:58,100.4768
20-03-2021 23:58,100.4768
21-03-2021 23:58,100.2027
22-03-2021 23:58,100.3401
23-03-2021 23:58,99.77087
24-03-2021 23:58,99.39749
25-03-2021 23:58,99.80891
26-03-2021 23:58,99.91983
27-03-2021 23:58,99.91983
28-03-2021 23:58,99.91132
29-03-2021 23:58,100.1961
30-03-2021 23:58,100.8612
31-03-2021 23:58,100.8506
01-04-2021 23:58,101.373
02-04-2021 23:58,101.4738
03-04-2021 23:58,101.4738
04-04-2021 23:58,101.437
05-04-2021 23:58,101.8746
06-04-2021 23:58,101.6066
07-04-2021 23:58,102.1947
08-04-2021 23:58,102.3958
09-04-2021 23:58,102.4115
10-04-2021 23:58,102.4395
11-04-2021 23:58,102.4436
12-04-2021 23:58,103.1013
13-04-2021 23:58,103.4406
14-04-2021 23:58,103.4019
15-04-2021 23:58,102.9944
16-04-2021 23:58,103.2035
17-04-2021 23:58,103.1052
18-04-2021 23:58,103.1052
19-04-2021 23:58,104.7573
20-04-2021 23:58,105.1368
21-04-2021 23:58,105.0724
22-04-2021 23:58,103.91
23-04-2021 23:58,103.9379
24-04-2021 23:58,103.9759
25-04-2021 23:58,103.8372
26-04-2021 23:58,103.9434
27-04-2021 23:58,103.6871
28-04-2021 23:58,103.6748
29-04-2021 23:58,103.3315
30-04-2021 23:58,102.95
01-05-2021 23:58,102.916
02-05-2021 23:58,102.3741
03-05-2021 23:58,102.6689
04-05-2021 23:58,102.4647
05-05-2021 23:58,102.6298
06-05-2021 23:58,102.2929
07-05-2021 23:58,102.4517
08-05-2021 23:58,102.4729
09-05-2021 23:58,102.8426
10-05-2021 23:58,103.7873
11-05-2021 23:58,103.7826
12-05-2021 23:58,103.7996
13-05-2021 23:58,103.1693
14-05-2021 23:58,103.3093
15-05-2021 23:58,103.3093
16-05-2021 23:58,103.3364
17-05-2021 23:58,103.6157
18-05-2021 23:58,103.7435
19-05-2021 23:58,103.3323
20-05-2021 23:58,103.6273
21-05-2021 23:58,103.2043
22-05-2021 23:58,103.2043
23-05-2021 23:58,103.1205
24-05-2021 23:58,103.1081
25-05-2021 23:58,102.971
26-05-2021 23:58,102.7048
27-05-2021 23:58,103.2239
28-05-2021 23:58,102.6504
29-05-2021 23:58,102.6504
30-05-2021 23:58,102.6902
31-05-2021 23:58,103.0404
01-06-2021 23:58,103.0794
02-06-2021 23:58,103.4088
03-06-2021 23:58,103.0605
04-06-2021 23:58,103.2713
05-06-2021 23:58,103.2713
06-06-2021 23:58,103.2416
07-06-2021 23:58,103.2254
08-06-2021 23:58,103.2625
09-06-2021 23:58,103.0297
10-06-2021 23:58,103.4913
11-06-2021 23:58,103.3324
12-06-2021 23:58,103.3324
13-06-2021 23:58,103.3695
14-06-2021 23:58,103.249
15-06-2021 23:58,103.2742
16-06-2021 23:58,103.2785
17-06-2021 23:58,103.453
18-06-2021 23:58,102.2662
19-06-2021 23:58,102.2662
20-06-2021 23:58,102.483
21-06-2021 23:58,103.3026
22-06-2021 23:58,103.705
23-06-2021 23:58,103.6829
24-06-2021 23:58,103.285
25-06-2021 23:58,103.1524
26-06-2021 23:58,103.1524
27-06-2021 23:58,103.0951
28-06-2021 23:58,103.0898
29-06-2021 23:58,102.7349
30-06-2021 23:58,102.854
01-07-2021 23:58,102.6077
02-07-2021 23:58,103.3972
03-07-2021 23:58,103.3972
04-07-2021 23:58,103.0198
05-07-2021 23:58,102.9823
06-07-2021 23:58,103.1961
07-07-2021 23:58,103.2618
08-07-2021 23:58,103.0526
09-07-2021 23:58,103.5963
10-07-2021 23:58,103.5414
11-07-2021 23:58,103.5317
12-07-2021 23:58,103.5028
13-07-2021 23:58,103.1101
14-07-2021 23:58,103.2125
15-07-2021 23:58,103.0762
16-07-2021 23:58,102.722
17-07-2021 23:58,102.738
18-07-2021 23:58,102.7024
19-07-2021 23:58,102.5102
20-07-2021 23:58,101.5629
21-07-2021 23:58,102.0972
22-07-2021 23:58,102.5545
23-07-2021 23:58,102.3052
24-07-2021 23:58,102.3132
25-07-2021 23:58,102.4331
26-07-2021 23:58,102.6645
27-07-2021 23:58,103.4259
28-07-2021 23:58,103.4355
29-07-2021 23:58,103.6804
30-07-2021 23:58,103.4634
31-07-2021 23:58,103.4634
01-08-2021 23:58,103.3591
02-08-2021 23:58,103.2495
03-08-2021 23:58,103.283
04-08-2021 23:58,103.0487
05-08-2021 23:58,103.1736
06-08-2021 23:58,103.3656
07-08-2021 23:58,103.3036
08-08-2021 23:58,103.2659
09-08-2021 23:58,103.114
10-08-2021 23:58,102.9941
11-08-2021 23:58,102.7735
12-08-2021 23:58,102.5555
13-08-2021 23:58,102.9306
14-08-2021 23:58,102.9306
15-08-2021 23:58,102.9052
16-08-2021 23:58,102.6266
17-08-2021 23:58,102.1744
18-08-2021 23:58,102.1621
19-08-2021 23:58,101.4644
20-08-2021 23:58,101.2201
21-08-2021 23:58,101.2241
22-08-2021 23:58,101.2755
23-08-2021 23:58,101.7115
24-08-2021 23:58,101.7992
25-08-2021 23:58,101.9918
26-08-2021 23:58,101.6093
27-08-2021 23:58,101.0514
28-08-2021 23:58,101.0514
29-08-2021 23:58,101.157
30-08-2021 23:58,100.9464
31-08-2021 23:58,100.4134
01-09-2021 23:58,100.5058
02-09-2021 23:58,101.0841
03-09-2021 23:58,101.1495
04-09-2021 23:58,101.1495
05-09-2021 23:58,101.1861
06-09-2021 23:58,101.1732
07-09-2021 23:58,101.1433
08-09-2021 23:58,101.6484
09-09-2021 23:58,101.7455
10-09-2021 23:58,101.665
11-09-2021 23:58,101.665
12-09-2021 23:58,101.7588
13-09-2021 23:58,101.7701
14-09-2021 23:58,101.7136
15-09-2021 23:58,101.6744
16-09-2021 23:58,101.4666
17-09-2021 23:58,101.1987
18-09-2021 23:58,101.1987
19-09-2021 23:58,101.1677
20-09-2021 23:58,100.6149
21-09-2021 23:58,100.7899
22-09-2021 23:58,100.625
23-09-2021 23:58,101.3474
24-09-2021 23:58,100.9138
25-09-2021 23:58,100.9172
26-09-2021 23:58,100.8559
27-09-2021 23:58,101.1051
28-09-2021 23:58,100.439
29-09-2021 23:58,99.79878
30-09-2021 23:58,100.2786
01-10-2021 23:58,100.4342
02-10-2021 23:58,100.4342
03-10-2021 23:58,100.6435
04-10-2021 23:58,101.4852
05-10-2021 23:58,101.6016
06-10-2021 23:58,101.5667
07-10-2021 23:58,101.916
08-10-2021 23:58,102.5524
09-10-2021 23:58,102.5516
10-10-2021 23:58,102.5427
11-10-2021 23:58,102.4978
12-10-2021 23:58,102.5367
13-10-2021 23:58,102.8598
14-10-2021 23:58,102.5434
15-10-2021 23:58,103.2841
16-10-2021 23:58,103.2841
17-10-2021 23:58,103.2467
18-10-2021 23:58,103.3299
19-10-2021 23:58,103.6091
20-10-2021 23:58,103.4286
21-10-2021 23:58,103.2715
22-10-2021 23:58,103.1558
23-10-2021 23:58,103.1802
24-10-2021 23:58,103.1845
25-10-2021 23:58,103.3562
26-10-2021 23:58,103.0867
27-10-2021 23:58,103.0289
28-10-2021 23:58,103.2187
29-10-2021 23:58,102.5936
30-10-2021 23:58,102.5936
31-10-2021 23:58,102.5936
01-11-2021 23:58,102.1845
02-11-2021 23:58,101.7261
03-11-2021 23:58,101.8989
04-11-2021 23:58,100.576
05-11-2021 23:58,100.148
06-11-2021 23:58,100.148
07-11-2021 23:58,100.148
08-11-2021 23:58,100.2515
09-11-2021 23:58,100.5807
10-11-2021 23:58,99.75001
11-11-2021 23:58,99.33084
12-11-2021 23:58,99.71184
13-11-2021 23:58,99.70483
14-11-2021 23:58,99.70483
15-11-2021 23:58,99.84047
16-11-2021 23:58,99.97958
17-11-2021 23:58,100.1999
18-11-2021 23:58,100.1424
19-11-2021 23:58,99.92357
20-11-2021 23:58,99.92357
21-11-2021 23:58,99.92357
22-11-2021 23:58,99.69781
23-11-2021 23:58,99.58808
24-11-2021 23:58,99.4573
25-11-2021 23:58,99.21814
26-11-2021 23:58,100.0682
27-11-2021 23:58,100.0682
28-11-2021 23:58,100.0682
29-11-2021 23:58,99.89719
30-11-2021 23:58,99.76056
01-12-2021 23:58,99.5992
02-12-2021 23:58,99.72467
03-12-2021 23:58,99.69779
04-12-2021 23:58,99.85179
05-12-2021 23:58,99.85179
06-12-2021 23:58,99.95705
07-12-2021 23:58,99.88554
08-12-2021 23:58,99.54725
09-12-2021 23:58,99.96569
10-12-2021 23:58,100.5831
11-12-2021 23:58,100.5959
12-12-2021 23:58,100.4961
13-12-2021 23:58,100.1814
14-12-2021 23:58,100.6124
15-12-2021 23:58,101.1103
16-12-2021 23:58,101.4745
17-12-2021 23:58,100.641
18-12-2021 23:58,100.7415
19-12-2021 23:58,100.7415
20-12-2021 23:58,100.0662
21-12-2021 23:58,100.4015
22-12-2021 23:58,100.7459
23-12-2021 23:58,100.6525
24-12-2021 23:58,100.8692
25-12-2021 23:58,100.8692
26-12-2021 23:58,100.8692
27-12-2021 23:58,100.6613
28-12-2021 23:58,100.3975
29-12-2021 23:58,100.4783
30-12-2021 23:58,100.4574
31-12-2021 23:58,100.7936
01-01-2022 23:58,100.7936
02-01-2022 23:58,100.7936
03-01-2022 23:58,100.2999
04-01-2022 23:58,100.8407
05-01-2022 23:58,100.9058
06-01-2022 23:58,100.7196
07-01-2022 23:58,100.9139
08-01-2022 23:58,100.9139
09-01-2022 23:58,100.9139
10-01-2022 23:58,100.5621
11-01-2022 23:58,100.6463
12-01-2022 23:58,101.1645
13-01-2022 23:58,101.431
14-01-2022 23:58,101.4344
15-01-2022 23:58,101.4344
16-01-2022 23:58,101.4344
17-01-2022 23:58,101.3188
18-01-2022 23:58,101.4604
19-01-2022 23:58,101.3329
20-01-2022 23:58,101.204
21-01-2022 23:58,100.8594
22-01-2022 23:58,100.8594
23-01-2022 23:58,100.8594
24-01-2022 23:58,100.6822
25-01-2022 23:58,101.0614
26-01-2022 23:58,101.3946
27-01-2022 23:58,100.8251
28-01-2022 23:58,100.4976
29-01-2022 23:58,100.4976
30-01-2022 23:58,100.5998
31-01-2022 23:58,100.2574
01-02-2022 23:58,101.0957
02-02-2022 23:58,101.5318
03-02-2022 23:58,101.5203
04-02-2022 23:58,100.9755
05-02-2022 23:58,100.9755
06-02-2022 23:58,100.9755
07-02-2022 23:58,101.0427
08-02-2022 23:58,101.1834
09-02-2022 23:58,101.2568
10-02-2022 23:58,102.3824
11-02-2022 23:58,102.5761
12-02-2022 23:58,102.559
13-02-2022 23:58,102.559
14-02-2022 23:58,102.4075
15-02-2022 23:58,102.074
16-02-2022 23:58,102.1815
17-02-2022 23:58,102.2129
18-02-2022 23:58,101.5072
19-02-2022 23:58,101.5072
20-02-2022 23:58,101.5072
21-02-2022 23:58,101.832
22-02-2022 23:58,101.4143
23-02-2022 23:58,101.1853
24-02-2022 23:58,100.9003
25-02-2022 23:58,100.6653
26-02-2022 23:58,100.6623
27-02-2022 23:58,100.6663
28-02-2022 23:58,101.3041
01-03-2022 23:58,101.0368
02-03-2022 23:58,101.3049
03-03-2022 23:58,101.2954
04-03-2022 23:58,101.1591
05-03-2022 23:58,101.1631
06-03-2022 23:58,101.1631
07-03-2022 23:58,101.0345
08-03-2022 23:58,100.7104
09-03-2022 23:58,100.3568
10-03-2022 23:58,99.8971
11-03-2022 23:58,100.0736
12-03-2022 23:58,100.0736
13-03-2022 23:58,100.0736
14-03-2022 23:58,99.49893
15-03-2022 23:58,99.47394
16-03-2022 23:58,99.96725
17-03-2022 23:58,99.93587
18-03-2022 23:58,100.1203
19-03-2022 23:58,100.1203
20-03-2022 23:58,100.1203
21-03-2022 23:58,100.476
22-03-2022 23:58,100.9659
23-03-2022 23:58,101.0873
24-03-2022 23:58,100.6915
25-03-2022 23:58,100.6091
26-03-2022 23:58,100.6128
27-03-2022 23:58,100.4699
28-03-2022 23:58,99.56429
29-03-2022 23:58,99.12536
30-03-2022 23:58,99.62222
31-03-2022 23:58,99.75342
01-04-2022 23:58,99.61537
02-04-2022 23:58,99.61287
03-04-2022 23:58,99.58662
04-04-2022 23:58,98.95629
05-04-2022 23:58,98.66231
06-04-2022 23:58,99.26186
07-04-2022 23:58,99.22749
08-04-2022 23:58,98.95418
09-04-2022 23:58,98.95418
10-04-2022 23:58,98.95777
11-04-2022 23:58,98.75607
12-04-2022 23:58,99.00646
13-04-2022 23:58,99.83804
14-04-2022 23:58,99.77766
15-04-2022 23:58,99.73011
16-04-2022 23:58,99.73011
17-04-2022 23:58,99.66789
18-04-2022 23:58,99.2603
19-04-2022 23:58,99.42567
20-04-2022 23:58,99.63784
21-04-2022 23:58,99.4083
22-04-2022 23:58,98.16713
23-04-2022 23:58,98.15713
24-04-2022 23:58,98.11536
25-04-2022 23:58,97.51234
26-04-2022 23:58,96.58532
27-04-2022 23:58,95.89818
28-04-2022 23:58,95.43326
29-04-2022 23:58,96.22218
30-04-2022 23:58,96.22218
01-05-2022 23:58,96.29333
02-05-2022 23:58,95.62046
03-05-2022 23:58,95.53736
04-05-2022 23:58,96.01338
05-05-2022 23:58,94.65114
06-05-2022 23:58,94.97038
07-05-2022 23:58,94.97038
08-05-2022 23:58,94.87253
09-05-2022 23:58,95.4488
10-05-2022 23:58,95.1773
11-05-2022 23:58,94.82464
12-05-2022 23:58,94.50262
13-05-2022 23:58,95.01076
14-05-2022 23:58,95.01076
15-05-2022 23:58,94.93865
16-05-2022 23:58,95.89432
17-05-2022 23:58,96.6954
18-05-2022 23:58,96.06433
19-05-2022 23:58,96.55897
20-05-2022 23:58,97.23587
21-05-2022 23:58,97.23587
22-05-2022 23:58,97.32745
23-05-2022 23:58,97.44116
24-05-2022 23:58,97.18022
25-05-2022 23:58,97.56362
26-05-2022 23:58,97.94185
27-05-2022 23:58,98.13047
28-05-2022 23:58,98.13047
29-05-2022 23:58,98.09504
30-05-2022 23:58,98.1068
31-05-2022 23:58,97.81029
01-06-2022 23:58,96.86308
02-06-2022 23:58,97.31022
03-06-2022 23:58,97.03021
04-06-2022 23:58,97.03411
05-06-2022 23:58,97.08772
06-06-2022 23:58,97.4567
07-06-2022 23:58,98.10626
08-06-2022 23:58,97.47604
09-06-2022 23:58,97.261
10-06-2022 23:58,96.24498
11-06-2022 23:58,96.24748
12-06-2022 23:58,96.12129
13-06-2022 23:58,94.86318
14-06-2022 23:58,93.54663
15-06-2022 23:58,94.85124
16-06-2022 23:58,96.34995
17-06-2022 23:58,95.25821
18-06-2022 23:58,95.26221
19-06-2022 23:58,95.26746
20-06-2022 23:58,95.46395
21-06-2022 23:58,95.93874
22-06-2022 23:58,95.91093
23-06-2022 23:58,95.77618
24-06-2022 23:58,96.04229
25-06-2022 23:58,96.04229
26-06-2022 23:58,96.20486
27-06-2022 23:58,96.20805
28-06-2022 23:58,96.33452
29-06-2022 23:58,95.64403
30-06-2022 23:58,96.15129
01-07-2022 23:58,95.49638
02-07-2022 23:58,95.49638
03-07-2022 23:58,95.6031
04-07-2022 23:58,95.6369
05-07-2022 23:58,94.90112
06-07-2022 23:58,94.24401
07-07-2022 23:58,95.25214
08-07-2022 23:58,95.46262
09-07-2022 23:58,95.4742
10-07-2022 23:58,95.37489
11-07-2022 23:58,94.54166
12-07-2022 23:58,94.42756
13-07-2022 23:58,94.67988
14-07-2022 23:58,94.46379
15-07-2022 23:58,94.60932
16-07-2022 23:58,94.61782
17-07-2022 23:58,94.70891
18-07-2022 23:58,95.63796
19-07-2022 23:58,95.84408
20-07-2022 23:58,95.75614
21-07-2022 23:58,95.67925
22-07-2022 23:58,95.90857
23-07-2022 23:58,95.90227
24-07-2022 23:58,95.76952
25-07-2022 23:58,96.05763
26-07-2022 23:58,96.13004
27-07-2022 23:58,97.05319
28-07-2022 23:58,96.90528
29-07-2022 23:58,96.49001
30-07-2022 23:58,96.49001
31-07-2022 23:58,96.36896
01-08-2022 23:58,96.75439
02-08-2022 23:58,95.6782
03-08-2022 23:58,96.0541
04-08-2022 23:58,96.23726
05-08-2022 23:58,95.87467
06-08-2022 23:58,95.98067
07-08-2022 23:58,95.78247
08-08-2022 23:58,96.19102
09-08-2022 23:58,96.09998
10-08-2022 23:58,96.58508
11-08-2022 23:58,97.10111
12-08-2022 23:58,96.64424
13-08-2022 23:58,96.64424
14-08-2022 23:58,96.62929
15-08-2022 23:58,95.90957
16-08-2022 23:58,95.74937
17-08-2022 23:58,95.58835
18-08-2022 23:58,95.19163
19-08-2022 23:58,94.52808
20-08-2022 23:58,94.52038
21-08-2022 23:58,94.41902
22-08-2022 23:58,93.95988
23-08-2022 23:58,94.47026
24-08-2022 23:58,94.13503
25-08-2022 23:58,94.55641
26-08-2022 23:58,93.86547
27-08-2022 23:58,93.86647
28-08-2022 23:58,93.5044
29-08-2022 23:58,93.62419
30-08-2022 23:58,92.8715
31-08-2022 23:58,92.40745
01-09-2022 23:58,92.01265
02-09-2022 23:58,91.77171
03-09-2022 23:58,91.77171
04-09-2022 23:58,91.52718
05-09-2022 23:58,92.1902
06-09-2022 23:58,92.02296
07-09-2022 23:58,91.75833
08-09-2022 23:58,91.71927
09-09-2022 23:58,92.40887
10-09-2022 23:58,92.40898
11-09-2022 23:58,92.52487
12-09-2022 23:58,92.72784
13-09-2022 23:58,91.51916
14-09-2022 23:58,91.73316
15-09-2022 23:58,91.53673
16-09-2022 23:58,91.01661
17-09-2022 23:58,91.03311
18-09-2022 23:58,91.08181
19-09-2022 23:58,91.16109
20-09-2022 23:58,90.75441
21-09-2022 23:58,90.27365
22-09-2022 23:58,91.22748
23-09-2022 23:58,88.18859
24-09-2022 23:58,88.08559
25-09-2022 23:58,87.96359
26-09-2022 23:58,87.23852
27-09-2022 23:58,87.57277
28-09-2022 23:58,88.47323
29-09-2022 23:58,90.67772
30-09-2022 23:58,91.19154
01-10-2022 23:58,91.19154
02-10-2022 23:58,90.80601
03-10-2022 23:58,92.31674
04-10-2022 23:58,93.45198
05-10-2022 23:58,92.58916
06-10-2022 23:58,91.89252
07-10-2022 23:58,91.86542
08-10-2022 23:58,91.86504
09-10-2022 23:58,91.70399
10-10-2022 23:58,91.15827
11-10-2022 23:58,90.37374
12-10-2022 23:58,91.25334
13-10-2022 23:58,93.05802
14-10-2022 23:58,92.14569
15-10-2022 23:58,92.14569
16-10-2022 23:58,92.57633
17-10-2022 23:58,93.36066
18-10-2022 23:58,93.22158
19-10-2022 23:58,93.07354
20-10-2022 23:58,92.93386
21-10-2022 23:58,93.25253
22-10-2022 23:58,93.25502
23-10-2022 23:58,93.37227
24-10-2022 23:58,93.56877
25-10-2022 23:58,94.48603
26-10-2022 23:58,95.38433
27-10-2022 23:58,95.35064
28-10-2022 23:58,95.59269
29-10-2022 23:58,95.59269
30-10-2022 23:58,95.59269
31-10-2022 23:58,94.91521
01-11-2022 23:58,94.97094
02-11-2022 23:58,94.37114
03-11-2022 23:58,92.3151
04-11-2022 23:58,93.25779
05-11-2022 23:58,93.2629
06-11-2022 23:58,93.27559
07-11-2022 23:58,94.218
08-11-2022 23:58,93.97703
09-11-2022 23:58,92.48374
10-11-2022 23:58,94.25889
11-11-2022 23:58,95.14336
12-11-2022 23:58,95.14247
13-11-2022 23:58,95.14247
14-11-2022 23:58,95.18187
15-11-2022 23:58,96.16536
16-11-2022 23:58,97.07601
17-11-2022 23:58,96.71135
18-11-2022 23:58,96.87072
19-11-2022 23:58,96.87172
20-11-2022 23:58,96.87172
21-11-2022 23:58,96.64332
22-11-2022 23:58,97.1297
23-11-2022 23:58,98.38464
24-11-2022 23:58,99.11596
25-11-2022 23:58,98.73523
26-11-2022 23:58,98.73925
27-11-2022 23:58,98.73925
28-11-2022 23:58,97.64016
29-11-2022 23:58,97.55604
30-11-2022 23:58,98.16844
01-12-2022 23:58,99.58594
02-12-2022 23:58,100.0879
03-12-2022 23:58,100.0989
04-12-2022 23:58,100.0116
05-12-2022 23:58,99.86283
06-12-2022 23:58,99.92555
07-12-2022 23:58,100.399
08-12-2022 23:58,100.6646
09-12-2022 23:58,101.0947
10-12-2022 23:58,101.0634
11-12-2022 23:58,101.0634
12-12-2022 23:58,101.3883
13-12-2022 23:58,101.8396
14-12-2022 23:58,102.5252
15-12-2022 23:58,100.9477
16-12-2022 23:58,100.4778
17-12-2022 23:58,100.4778
18-12-2022 23:58,100.4778
19-12-2022 23:58,100.3462
20-12-2022 23:58,100.7273
21-12-2022 23:58,100.1103
22-12-2022 23:58,99.77568
23-12-2022 23:58,99.5629
24-12-2022 23:58,99.56387
25-12-2022 23:58,99.56387
26-12-2022 23:58,100.1956
27-12-2022 23:58,99.55681
28-12-2022 23:58,99.56438
29-12-2022 23:58,99.91026
30-12-2022 23:58,100.1025
31-12-2022 23:58,100.1179
01-01-2023 23:58,100.1179
02-01-2023 23:58,99.73107
03-01-2023 23:58,99.08374
04-01-2023 23:58,99.6786
05-01-2023 23:58,98.43647
06-01-2023 23:58,99.50025
07-01-2023 23:58,99.49634
08-01-2023 23:58,99.49634
09-01-2023 23:58,100.1409
10-01-2023 23:58,99.23306
11-01-2023 23:58,99.21573
12-01-2023 23:58,99.08257
13-01-2023 23:58,99.41974
14-01-2023 23:58,99.41974
15-01-2023 23:58,99.41974
16-01-2023 23:58,99.61564
17-01-2023 23:58,100.158
18-01-2023 23:58,100.5481
19-01-2023 23:58,100.6492
20-01-2023 23:58,100.2021
21-01-2023 23:58,100.3022
22-01-2023 23:58,100.3022
23-01-2023 23:58,100.8958
24-01-2023 23:58,100.6462
25-01-2023 23:58,101.096
26-01-2023 23:58,101.1271
27-01-2023 23:58,100.923
28-01-2023 23:58,100.9232
29-01-2023 23:58,100.9232
30-01-2023 23:58,100.7535
31-01-2023 23:58,100.6704
01-02-2023 23:58,101.2309
02-02-2023 23:58,100.3189
03-02-2023 23:58,99.42101
04-02-2023 23:58,99.40501
05-02-2023 23:58,99.40501
06-02-2023 23:58,99.49183
07-02-2023 23:58,99.70441
08-02-2023 23:58,99.77723
09-02-2023 23:58,100.0448
10-02-2023 23:58,99.53406
11-02-2023 23:58,99.52695
12-02-2023 23:58,99.52695
13-02-2023 23:58,100.267
14-02-2023 23:58,100.9001
15-02-2023 23:58,99.5779
16-02-2023 23:58,99.02693
17-02-2023 23:58,99.74245
18-02-2023 23:58,99.74257
19-02-2023 23:58,99.54955
20-02-2023 23:58,99.56993
21-02-2023 23:58,100.3798
22-02-2023 23:58,99.90231
23-02-2023 23:58,99.28825
24-02-2023 23:58,99.0336
25-02-2023 23:58,99.04673
26-02-2023 23:58,99.04673
27-02-2023 23:58,99.73098
28-02-2023 23:58,99.45494
01-03-2023 23:58,99.12679
02-03-2023 23:58,98.41109
03-03-2023 23:58,98.34117
04-03-2023 23:58,98.34141
05-03-2023 23:58,98.34141
06-03-2023 23:58,98.44268
07-03-2023 23:58,97.08831
08-03-2023 23:58,97.09192
09-03-2023 23:58,97.76368
10-03-2023 23:58,98.70136
11-03-2023 23:58,98.70112
12-03-2023 23:58,98.70112
13-03-2023 23:58,100.3079
14-03-2023 23:58,100.0173
15-03-2023 23:58,99.81326
16-03-2023 23:58,100.0758
17-03-2023 23:58,100.5412
18-03-2023 23:58,100.5421
19-03-2023 23:58,100.5421
20-03-2023 23:58,101.3221
21-03-2023 23:58,101.0519
22-03-2023 23:58,101.3043
23-03-2023 23:58,100.9986
24-03-2023 23:58,100.6923
25-03-2023 23:58,100.6882
26-03-2023 23:58,100.847
27-03-2023 23:58,101.0798
28-03-2023 23:58,101.381
29-03-2023 23:58,101.2761
30-03-2023 23:58,101.7015
31-03-2023 23:58,101.3352
01-04-2023 23:58,101.3352
02-04-2023 23:58,101.0718
03-04-2023 23:58,102.0437
04-04-2023 23:58,102.6886
05-04-2023 23:58,102.1249
06-04-2023 23:58,101.9341
07-04-2023 23:58,101.6979
08-04-2023 23:58,101.6929
09-04-2023 23:58,101.7319
10-04-2023 23:58,101.5223
11-04-2023 23:58,101.9899
12-04-2023 23:58,102.3966
13-04-2023 23:58,102.2883
14-04-2023 23:58,101.6144
15-04-2023 23:58,101.6155
16-04-2023 23:58,101.5227
17-04-2023 23:58,101.481
18-04-2023 23:58,102.0458
19-04-2023 23:58,102.3434
20-04-2023 23:58,102.1969
21-04-2023 23:58,102.0177
22-04-2023 23:58,102.0177
23-04-2023 23:58,102.1424
24-04-2023 23:58,102.2379
25-04-2023 23:58,101.7825
26-04-2023 23:58,101.9476
27-04-2023 23:58,102.182
28-04-2023 23:58,102.746
29-04-2023 23:58,102.7459
30-04-2023 23:58,102.6974
01-05-2023 23:58,102.1884
02-05-2023 23:58,102.0358
03-05-2023 23:58,102.8098
04-05-2023 23:58,102.7145
05-05-2023 23:58,103.2981
06-05-2023 23:58,103.2981
07-05-2023 23:58,103.2245
08-05-2023 23:58,103.1515
09-05-2023 23:58,103.6601
10-05-2023 23:58,103.4326
11-05-2023 23:58,102.7834
12-05-2023 23:58,102.399
13-05-2023 23:58,102.389
14-05-2023 23:58,102.3241
15-05-2023 23:58,103.0445
16-05-2023 23:58,102.7337
17-05-2023 23:58,102.9587
18-05-2023 23:58,102.6869
19-05-2023 23:58,103.0919
20-05-2023 23:58,103.1095
21-05-2023 23:58,103.2628
22-05-2023 23:58,102.9884
23-05-2023 23:58,102.9214
24-05-2023 23:58,102.2846
25-05-2023 23:58,101.948
26-05-2023 23:58,101.9654
27-05-2023 23:58,101.9654
28-05-2023 23:58,101.9427
29-05-2023 23:58,102.0394
30-05-2023 23:58,102.6219
31-05-2023 23:58,102.9096
01-06-2023 23:58,103.0638
02-06-2023 23:58,102.5998
03-06-2023 23:58,102.6001
04-06-2023 23:58,102.4389
05-06-2023 23:58,102.5932
06-06-2023 23:58,102.5339
07-06-2023 23:58,102.7589
08-06-2023 23:58,103.5983
09-06-2023 23:58,103.6936
10-06-2023 23:58,103.6886
11-06-2023 23:58,103.7175
12-06-2023 23:58,103.0945
13-06-2023 23:58,103.734
14-06-2023 23:58,103.9054
15-06-2023 23:58,104.7263
16-06-2023 23:58,105.0896
17-06-2023 23:58,105.0896
18-06-2023 23:58,105.0819
19-06-2023 23:58,104.8878
20-06-2023 23:58,104.6602
21-06-2023 23:58,104.6521
22-06-2023 23:58,104.4055
23-06-2023 23:58,104.2213
24-06-2023 23:58,104.219
25-06-2023 23:58,104.3392
26-06-2023 23:58,104.2571
27-06-2023 23:58,104.5165
28-06-2023 23:58,103.7078
29-06-2023 23:58,103.4994
30-06-2023 23:58,104.2518
01-07-2023 23:58,104.2518
02-07-2023 23:58,104.3149
03-07-2023 23:58,104.0117
04-07-2023 23:58,104.2508
05-07-2023 23:58,104.6886
06-07-2023 23:58,105.4722
07-07-2023 23:58,106.1156
08-07-2023 23:58,106.1217
09-07-2023 23:58,106.0649
10-07-2023 23:58,106.1636
11-07-2023 23:58,106.5644
12-07-2023 23:58,106.5057
13-07-2023 23:58,107.7026
14-07-2023 23:58,107.5673
15-07-2023 23:58,107.4699
16-07-2023 23:58,107.4525
17-07-2023 23:58,107.2808
18-07-2023 23:58,107.014
19-07-2023 23:58,106.1573
20-07-2023 23:58,105.653
21-07-2023 23:58,105.3964
22-07-2023 23:58,105.4103
23-07-2023 23:58,105.407
24-07-2023 23:58,104.9144
25-07-2023 23:58,105.6737
26-07-2023 23:58,106.0741
27-07-2023 23:58,105.4146
28-07-2023 23:58,105.6459
29-07-2023 23:58,105.6459
30-07-2023 23:58,105.7509
31-07-2023 23:58,105.5461
01-08-2023 23:58,105.3355
02-08-2023 23:58,105.1675
03-08-2023 23:58,105.2724
04-08-2023 23:58,105.3565
05-08-2023 23:58,105.3565
06-08-2023 23:58,105.4098
07-08-2023 23:58,105.7829
08-08-2023 23:58,105.6029
09-08-2023 23:58,105.4081
10-08-2023 23:58,104.9544
11-08-2023 23:58,105.3846
12-08-2023 23:58,105.3846
13-08-2023 23:58,105.22
14-08-2023 23:58,105.5215
15-08-2023 23:58,105.6777
16-08-2023 23:58,105.9634
17-08-2023 23:58,105.9426
18-08-2023 23:58,105.8998
19-08-2023 23:58,105.8998
20-08-2023 23:58,105.9365
21-08-2023 23:58,106.0348
22-08-2023 23:58,105.7626
23-08-2023 23:58,104.9916
24-08-2023 23:58,104.0647
25-08-2023 23:58,103.8266
26-08-2023 23:58,103.8266
27-08-2023 23:58,104.0447
28-08-2023 23:58,104.2722
29-08-2023 23:58,104.2687
30-08-2023 23:58,105.1568
31-08-2023 23:58,104.7742
01-09-2023 23:58,104.1462
02-09-2023 23:58,104.1462
03-09-2023 23:58,104.1022
04-09-2023 23:58,104.459
05-09-2023 23:58,104.4573
06-09-2023 23:58,104.1351
07-09-2023 23:58,103.8162
08-09-2023 23:58,103.539
09-09-2023 23:58,103.539
10-09-2023 23:58,103.6282
11-09-2023 23:58,103.7542
12-09-2023 23:58,103.5029
13-09-2023 23:58,103.6068
14-09-2023 23:58,103.0209
15-09-2023 23:58,102.9479
16-09-2023 23:58,102.9479
17-09-2023 23:58,102.9631
18-09-2023 23:58,103.0996
19-09-2023 23:58,103.1133
20-09-2023 23:58,102.682
21-09-2023 23:58,101.8565
22-09-2023 23:58,101.7194
23-09-2023 23:58,101.7194
24-09-2023 23:58,101.5824
25-09-2023 23:58,101.3972
26-09-2023 23:58,101.2281
27-09-2023 23:58,100.9988
28-09-2023 23:58,101.7069
29-09-2023 23:58,101.5148
30-09-2023 23:58,101.5075
01-10-2023 23:58,101.2203
02-10-2023 23:58,100.7648
03-10-2023 23:58,100.52
04-10-2023 23:58,101.2883
05-10-2023 23:58,101.4454
06-10-2023 23:58,101.7024
07-10-2023 23:58,101.6909
08-10-2023 23:58,101.5551
09-10-2023 23:58,101.9795
10-10-2023 23:58,102.1375
11-10-2023 23:58,102.5145
12-10-2023 23:58,101.4429
13-10-2023 23:58,101.3054
14-10-2023 23:58,101.3054
15-10-2023 23:58,101.1908
16-10-2023 23:58,101.6184
17-10-2023 23:58,101.3763
18-10-2023 23:58,101.1023
19-10-2023 23:58,100.953
20-10-2023 23:58,101.1932
21-10-2023 23:58,101.1932
22-10-2023 23:58,101.1575
23-10-2023 23:58,101.7089
24-10-2023 23:58,100.9689
25-10-2023 23:58,100.6826
26-10-2023 23:58,101.0711
27-10-2023 23:58,101.1027
28-10-2023 23:58,101.1027
29-10-2023 23:58,101.1027
30-10-2023 23:58,101.3384
31-10-2023 23:58,101.1974
01-11-2023 23:58,101.3328
02-11-2023 23:58,101.4781
03-11-2023 23:58,102.9248
04-11-2023 23:58,102.9248
05-11-2023 23:58,102.9248
06-11-2023 23:58,102.7363
07-11-2023 23:58,102.3032
08-11-2023 23:58,102.2206
09-11-2023 23:58,101.7872
10-11-2023 23:58,101.8729
11-11-2023 23:58,101.8729
12-11-2023 23:58,101.8729
13-11-2023 23:58,102.211
14-11-2023 23:58,103.7364
15-11-2023 23:58,103.2925
16-11-2023 23:58,103.2447
17-11-2023 23:58,103.84
18-11-2023 23:58,103.84
19-11-2023 23:58,103.84
20-11-2023 23:58,104.2393
21-11-2023 23:58,104.4533
22-11-2023 23:58,104.3511
23-11-2023 23:58,104.4523
24-11-2023 23:58,105.0356
25-11-2023 23:58,105.0356
26-11-2023 23:58,105.0356
27-11-2023 23:58,105.3177
28-11-2023 23:58,105.901
29-11-2023 23:58,105.768
30-11-2023 23:58,105.2784
01-12-2023 23:58,105.8032
02-12-2023 23:58,105.8032
03-12-2023 23:58,105.8032
04-12-2023 23:58,105.37
05-12-2023 23:58,104.9318
06-12-2023 23:58,104.6092
07-12-2023 23:58,104.9279
08-12-2023 23:58,104.6536
09-12-2023 23:58,104.6536
10-12-2023 23:58,104.6536
11-12-2023 23:58,104.6231
12-12-2023 23:58,104.8298
13-12-2023 23:58,105.1399
14-12-2023 23:58,106.3587
15-12-2023 23:58,105.2705
16-12-2023 23:58,105.2705
17-12-2023 23:58,105.2705
18-12-2023 23:58,105.102
19-12-2023 23:58,105.7764
20-12-2023 23:58,105.2285
21-12-2023 23:58,105.6482
22-12-2023 23:58,105.8026
23-12-2023 23:58,105.7987
24-12-2023 23:58,105.4253
25-12-2023 23:58,105.4453
26-12-2023 23:58,105.863
27-12-2023 23:58,106.5856
28-12-2023 23:58,106.563
29-12-2023 23:58,105.9569
30-12-2023 23:58,105.9569
31-12-2023 23:58,105.9569
01-01-2024 23:58,105.8352
02-01-2024 23:58,105.0909
03-01-2024 23:58,105.508
04-01-2024 23:58,105.572
05-01-2024 23:58,105.8623
06-01-2024 23:58,105.8623
07-01-2024 23:58,105.8623
08-01-2024 23:58,105.8482
09-01-2024 23:58,105.6801
10-01-2024 23:58,105.7862
11-01-2024 23:58,106.1342
12-01-2024 23:58,105.6684
13-01-2024 23:58,105.6684
14-01-2024 23:58,105.6684
15-01-2024 23:58,105.3817
16-01-2024 23:58,104.9871
17-01-2024 23:58,105.4361
18-01-2024 23:58,105.6903
19-01-2024 23:58,105.6147
20-01-2024 23:58,105.6147
21-01-2024 23:58,105.6147
22-01-2024 23:58,105.5829
23-01-2024 23:58,105.6325
24-01-2024 23:58,105.7443
25-01-2024 23:58,105.6745
26-01-2024 23:58,105.5904
27-01-2024 23:58,105.5904
28-01-2024 23:58,105.5904
29-01-2024 23:58,105.7379
30-01-2024 23:58,105.5151
31-01-2024 23:58,105.4612
01-02-2024 23:58,105.7122
02-02-2024 23:58,104.8514
03-02-2024 23:58,104.8514
04-02-2024 23:58,104.8514
05-02-2024 23:58,104.1666
06-02-2024 23:58,104.6977
07-02-2024 23:58,104.8171
08-02-2024 23:58,104.6985
09-02-2024 23:58,104.8346
10-02-2024 23:58,104.8346
11-02-2024 23:58,104.8346
12-02-2024 23:58,104.797
13-02-2024 23:58,104.57
14-02-2024 23:58,104.3414
15-02-2024 23:58,104.5872
16-02-2024 23:58,104.6146
17-02-2024 23:58,104.6146
18-02-2024 23:58,104.6146
19-02-2024 23:58,104.4995
20-02-2024 23:58,104.4898
21-02-2024 23:58,104.8295
22-02-2024 23:58,104.9416
23-02-2024 23:58,105.0268
24-02-2024 23:58,105.0268
25-02-2024 23:58,105.0268
26-02-2024 23:58,105.11
27-02-2024 23:58,105.1736
28-02-2024 23:58,104.9685
29-02-2024 23:58,104.6715
01-03-2024 23:58,104.8216
02-03-2024 23:58,104.8216
03-03-2024 23:58,104.8216
04-03-2024 23:58,105.2272
05-03-2024 23:58,105.3067
06-03-2024 23:58,105.4584
07-03-2024 23:58,106.0269
08-03-2024 23:58,106.4096
09-03-2024 23:58,106.4096
10-03-2024 23:58,106.4096
11-03-2024 23:58,106.0906
12-03-2024 23:58,105.9794
13-03-2024 23:58,106.0408
14-03-2024 23:58,105.7024
15-03-2024 23:58,105.5247
16-03-2024 23:58,105.5247
