Date,USDINR
01-01-2020 23:58,71.025
02-01-2020 23:58,71.415
03-01-2020 23:58,71.731
04-01-2020 23:58,71.731
05-01-2020 23:58,71.731
06-01-2020 23:58,71.787
07-01-2020 23:58,72.16
08-01-2020 23:58,71.4119
09-01-2020 23:58,71.1943
10-01-2020 23:58,70.941
11-01-2020 23:58,70.953
12-01-2020 23:58,70.953
13-01-2020 23:58,70.7189
14-01-2020 23:58,70.8451
15-01-2020 23:58,70.718
16-01-2020 23:58,70.9456
17-01-2020 23:58,71.0347
18-01-2020 23:58,71.0347
19-01-2020 23:58,71.0347
20-01-2020 23:58,71.031
21-01-2020 23:58,71.17
22-01-2020 23:58,71.0781
23-01-2020 23:58,71.321
24-01-2020 23:58,71.325
25-01-2020 23:58,71.325
26-01-2020 23:58,71.325
27-01-2020 23:58,71.44
28-01-2020 23:58,71.2304
29-01-2020 23:58,71.3
30-01-2020 23:58,71.64
31-01-2020 23:58,71.4965
01-02-2020 23:58,71.4965
02-02-2020 23:58,71.4965
03-02-2020 23:58,71.3141
04-02-2020 23:58,71.1
05-02-2020 23:58,71.18
06-02-2020 23:58,71.47
07-02-2020 23:58,71.5155
08-02-2020 23:58,71.5155
09-02-2020 23:58,71.5155
10-02-2020 23:58,71.28
11-02-2020 23:58,71.2753
12-02-2020 23:58,71.2962
13-02-2020 23:58,71.2685
14-02-2020 23:58,71.5148
15-02-2020 23:58,71.5148
16-02-2020 23:58,71.5148
17-02-2020 23:58,71.3492
18-02-2020 23:58,71.575
19-02-2020 23:58,71.8275
20-02-2020 23:58,72.11
21-02-2020 23:58,71.8868
22-02-2020 23:58,71.8868
23-02-2020 23:58,71.8868
24-02-2020 23:58,72.0467
25-02-2020 23:58,71.87
26-02-2020 23:58,71.6634
27-02-2020 23:58,71.93
28-02-2020 23:58,72.15
29-02-2020 23:58,72.15
01-03-2020 23:58,72.15
02-03-2020 23:58,72.825
03-03-2020 23:58,73.342
04-03-2020 23:58,74.0425
05-03-2020 23:58,73.8551
06-03-2020 23:58,73.989
07-03-2020 23:58,73.9953
08-03-2020 23:58,73.9953
09-03-2020 23:58,74.406
10-03-2020 23:58,74.205
11-03-2020 23:58,74.76
12-03-2020 23:58,75.3
13-03-2020 23:58,73.904
14-03-2020 23:58,73.904
15-03-2020 23:58,73.904
16-03-2020 23:58,75.155
17-03-2020 23:58,74.0124
18-03-2020 23:58,74.982
19-03-2020 23:58,75.1597
20-03-2020 23:58,75.6221
21-03-2020 23:58,75.6226
22-03-2020 23:58,75.6226
23-03-2020 23:58,76.506
24-03-2020 23:58,77.26
25-03-2020 23:58,75.8455
26-03-2020 23:58,74.7256
27-03-2020 23:58,74.8755
28-03-2020 23:58,74.8755
29-03-2020 23:58,75.465
30-03-2020 23:58,75.4
31-03-2020 23:58,75.325
01-04-2020 23:58,77.57
02-04-2020 23:58,77.14
03-04-2020 23:58,76.404
04-04-2020 23:58,76.419
05-04-2020 23:58,76.23
06-04-2020 23:58,75.9649
07-04-2020 23:58,76.66
08-04-2020 23:58,75.959
09-04-2020 23:58,76.65
10-04-2020 23:58,76.1665
11-04-2020 23:58,76.1665
12-04-2020 23:58,76.1665
13-04-2020 23:58,76.91
14-04-2020 23:58,75.931
15-04-2020 23:58,77.2125
16-04-2020 23:58,77.57
17-04-2020 23:58,76.49
18-04-2020 23:58,76.491
19-04-2020 23:58,76.56
20-04-2020 23:58,77.21
21-04-2020 23:58,76.9694
22-04-2020 23:58,76.4
23-04-2020 23:58,76.4225
24-04-2020 23:58,76.3175
25-04-2020 23:58,76.3015
26-04-2020 23:58,76.2715
27-04-2020 23:58,76.1863
28-04-2020 23:58,76.465
29-04-2020 23:58,75.2585
30-04-2020 23:58,75.72
01-05-2020 23:58,75.8585
02-05-2020 23:58,75.8305
03-05-2020 23:58,75.6005
04-05-2020 23:58,75.85
05-05-2020 23:58,76.17
06-05-2020 23:58,76.1513
07-05-2020 23:58,76.08
08-05-2020 23:58,75.4755
09-05-2020 23:58,75.5035
10-05-2020 23:58,75.525
11-05-2020 23:58,76.31
12-05-2020 23:58,75.68
13-05-2020 23:58,75.4262
14-05-2020 23:58,75.485
15-05-2020 23:58,75.823
16-05-2020 23:58,75.823
17-05-2020 23:58,75.82
18-05-2020 23:58,75.6001
19-05-2020 23:58,76
20-05-2020 23:58,75.78
21-05-2020 23:58,75.625
22-05-2020 23:58,75.9775
23-05-2020 23:58,75.9775
24-05-2020 23:58,75.985
25-05-2020 23:58,76.11
26-05-2020 23:58,75.82
27-05-2020 23:58,76.13
28-05-2020 23:58,75.96
29-05-2020 23:58,75.5132
30-05-2020 23:58,75.5132
31-05-2020 23:58,75.5132
01-06-2020 23:58,75.73
02-06-2020 23:58,75.0658
03-06-2020 23:58,75.545
04-06-2020 23:58,75.4909
05-06-2020 23:58,75.564
06-06-2020 23:58,75.564
07-06-2020 23:58,75.5177
08-06-2020 23:58,75.625
09-06-2020 23:58,75.5098
10-06-2020 23:58,75.875
11-06-2020 23:58,76.39
12-06-2020 23:58,75.9565
13-06-2020 23:58,75.9565
14-06-2020 23:58,75.9568
15-06-2020 23:58,75.978
16-06-2020 23:58,76.655
17-06-2020 23:58,76.55
18-06-2020 23:58,76.4004
19-06-2020 23:58,76.2398
20-06-2020 23:58,76.2398
21-06-2020 23:58,76.2521
22-06-2020 23:58,75.7898
23-06-2020 23:58,75.6078
24-06-2020 23:58,75.97
25-06-2020 23:58,75.5398
26-06-2020 23:58,75.6275
27-06-2020 23:58,75.6275
28-06-2020 23:58,75.6198
29-06-2020 23:58,75.7
30-06-2020 23:58,75.75
01-07-2020 23:58,75.4549
02-07-2020 23:58,74.721
03-07-2020 23:58,74.6782
04-07-2020 23:58,74.6782
05-07-2020 23:58,74.6793
06-07-2020 23:58,74.6076
07-07-2020 23:58,75.125
08-07-2020 23:58,74.9399
09-07-2020 23:58,75.34
10-07-2020 23:58,75.1582
11-07-2020 23:58,75.188
12-07-2020 23:58,75.1585
13-07-2020 23:58,75.45
14-07-2020 23:58,75.575
15-07-2020 23:58,75.1249
16-07-2020 23:58,75.1745
17-07-2020 23:58,74.927
18-07-2020 23:58,74.927
19-07-2020 23:58,74.8973
20-07-2020 23:58,74.99
21-07-2020 23:58,74.77
22-07-2020 23:58,74.82
23-07-2020 23:58,74.8073
24-07-2020 23:58,74.6697
25-07-2020 23:58,74.6697
26-07-2020 23:58,74.7598
27-07-2020 23:58,75
28-07-2020 23:58,75.09
29-07-2020 23:58,74.8312
30-07-2020 23:58,74.99
31-07-2020 23:58,74.8769
01-08-2020 23:58,74.8769
02-08-2020 23:58,74.9178
03-08-2020 23:58,75.33
04-08-2020 23:58,75.25
05-08-2020 23:58,74.8822
06-08-2020 23:58,74.8998
07-08-2020 23:58,75.0565
08-08-2020 23:58,75.018
09-08-2020 23:58,75.0248
10-08-2020 23:58,75.1
11-08-2020 23:58,74.9
12-08-2020 23:58,74.7721
13-08-2020 23:58,75.03
14-08-2020 23:58,74.8497
15-08-2020 23:58,74.8497
16-08-2020 23:58,74.9028
17-08-2020 23:58,75
18-08-2020 23:58,74.795
19-08-2020 23:58,74.9668
20-08-2020 23:58,74.9999
21-08-2020 23:58,74.8753
22-08-2020 23:58,74.8753
23-08-2020 23:58,74.9218
24-08-2020 23:58,74.4
25-08-2020 23:58,74.4525
26-08-2020 23:58,74.2401
27-08-2020 23:58,73.7745
28-08-2020 23:58,73.125
29-08-2020 23:58,73.125
30-08-2020 23:58,73.1283
31-08-2020 23:58,73.67
01-09-2020 23:58,73.27
02-09-2020 23:58,73.2485
03-09-2020 23:58,73.4479
04-09-2020 23:58,73.1727
05-09-2020 23:58,73.1727
06-09-2020 23:58,73.2903
07-09-2020 23:58,73.65
08-09-2020 23:58,73.7868
09-09-2020 23:58,73.55
10-09-2020 23:58,73.5273
11-09-2020 23:58,73.4255
12-09-2020 23:58,73.4255
13-09-2020 23:58,73.4786
14-09-2020 23:58,73.615
15-09-2020 23:58,73.8
16-09-2020 23:58,73.5507
17-09-2020 23:58,73.5836
18-09-2020 23:58,73.6029
19-09-2020 23:58,73.6029
20-09-2020 23:58,73.5348
21-09-2020 23:58,73.5798
22-09-2020 23:58,73.503
23-09-2020 23:58,73.7784
24-09-2020 23:58,73.6824
25-09-2020 23:58,73.696
26-09-2020 23:58,73.696
27-09-2020 23:58,73.6993
28-09-2020 23:58,73.975
29-09-2020 23:58,73.845
30-09-2020 23:58,73.705
01-10-2020 23:58,73.217
02-10-2020 23:58,73.2609
03-10-2020 23:58,73.2609
04-10-2020 23:58,73.3224
05-10-2020 23:58,73.1083
06-10-2020 23:58,73.815
07-10-2020 23:58,73.5425
08-10-2020 23:58,73.2805
09-10-2020 23:58,72.9597
10-10-2020 23:58,72.9597
11-10-2020 23:58,73.0148
12-10-2020 23:58,73.3508
13-10-2020 23:58,73.62
14-10-2020 23:58,73.2962
15-10-2020 23:58,73.371
16-10-2020 23:58,73.443
17-10-2020 23:58,73.443
18-10-2020 23:58,73.4438
19-10-2020 23:58,73.575
20-10-2020 23:58,73.6475
21-10-2020 23:58,73.6813
22-10-2020 23:58,73.72
23-10-2020 23:58,73.8229
24-10-2020 23:58,73.8229
25-10-2020 23:58,73.83415
26-10-2020 23:58,73.9485
27-10-2020 23:58,73.805
28-10-2020 23:58,74.44
29-10-2020 23:58,74.264
30-10-2020 23:58,74.5505
31-10-2020 23:58,74.5478
01-11-2020 23:58,74.5478
02-11-2020 23:58,74.4568
03-11-2020 23:58,74.6556
04-11-2020 23:58,74.38
05-11-2020 23:58,74.12
06-11-2020 23:58,73.9798
07-11-2020 23:58,73.9798
08-11-2020 23:58,73.9798
09-11-2020 23:58,73.9532
10-11-2020 23:58,74.2816
11-11-2020 23:58,74.57
12-11-2020 23:58,74.865
13-11-2020 23:58,74.4877
14-11-2020 23:58,74.4877
15-11-2020 23:58,74.4877
16-11-2020 23:58,74.4181
17-11-2020 23:58,74.4797
18-11-2020 23:58,74.42
19-11-2020 23:58,74.0996
20-11-2020 23:58,74.1624
21-11-2020 23:58,74.16265
22-11-2020 23:58,74.1624
23-11-2020 23:58,74.2449
24-11-2020 23:58,73.9608
25-11-2020 23:58,73.7799
26-11-2020 23:58,74.0488
27-11-2020 23:58,73.9069
28-11-2020 23:58,73.9409
29-11-2020 23:58,73.9409
30-11-2020 23:58,74.0252
01-12-2020 23:58,73.655
02-12-2020 23:58,73.6626
03-12-2020 23:58,73.8649
04-12-2020 23:58,73.7903
05-12-2020 23:58,73.7903
06-12-2020 23:58,73.7903
07-12-2020 23:58,74.02
08-12-2020 23:58,73.7264
09-12-2020 23:58,73.935
10-12-2020 23:58,73.7267
11-12-2020 23:58,73.738
12-12-2020 23:58,73.738
13-12-2020 23:58,73.738
14-12-2020 23:58,73.86
15-12-2020 23:58,73.7598
16-12-2020 23:58,73.6166
17-12-2020 23:58,73.5298
18-12-2020 23:58,73.6036
19-12-2020 23:58,73.6036
20-12-2020 23:58,73.6036
21-12-2020 23:58,73.9353
22-12-2020 23:58,74.27
23-12-2020 23:58,73.8398
24-12-2020 23:58,73.5578
25-12-2020 23:58,73.689
26-12-2020 23:58,73.689
27-12-2020 23:58,73.689
28-12-2020 23:58,73.5449
29-12-2020 23:58,73.4536
30-12-2020 23:58,73.134
31-12-2020 23:58,73.0892
01-01-2021 23:58,73.092
02-01-2021 23:58,73.092
03-01-2021 23:58,73.092
04-01-2021 23:58,73.32
05-01-2021 23:58,73.3748
06-01-2021 23:58,73.36
07-01-2021 23:58,73.446
08-01-2021 23:58,73.3744
09-01-2021 23:58,73.3734
10-01-2021 23:58,73.3734
11-01-2021 23:58,73.5135
12-01-2021 23:58,73.165
13-01-2021 23:58,73.1699
14-01-2021 23:58,73.0876
15-01-2021 23:58,73.158
16-01-2021 23:58,73.159
17-01-2021 23:58,73.159
18-01-2021 23:58,73.1887
19-01-2021 23:58,73.1919
20-01-2021 23:58,72.9109
21-01-2021 23:58,72.9549
22-01-2021 23:58,72.9959
23-01-2021 23:58,72.9994
24-01-2021 23:58,72.9994
25-01-2021 23:58,72.97
26-01-2021 23:58,72.92
27-01-2021 23:58,73.0371
28-01-2021 23:58,72.9388
29-01-2021 23:58,72.904
30-01-2021 23:58,72.9066
31-01-2021 23:58,72.9066
01-02-2021 23:58,73.1198
02-02-2021 23:58,72.9163
03-02-2021 23:58,72.858
04-02-2021 23:58,72.9457
05-02-2021 23:58,72.7848
06-02-2021 23:58,72.7848
07-02-2021 23:58,72.7848
08-02-2021 23:58,72.9299
09-02-2021 23:58,72.8549
10-02-2021 23:58,72.8073
11-02-2021 23:58,72.7095
12-02-2021 23:58,72.5908
13-02-2021 23:58,72.5908
14-02-2021 23:58,72.5948
15-02-2021 23:58,72.6387
16-02-2021 23:58,72.935
17-02-2021 23:58,72.7973
18-02-2021 23:58,72.6054
19-02-2021 23:58,72.5511
20-02-2021 23:58,72.563
21-02-2021 23:58,72.553
22-02-2021 23:58,72.444
23-02-2021 23:58,72.377
24-02-2021 23:58,72.4
25-02-2021 23:58,73.1509
26-02-2021 23:58,73.5959
27-02-2021 23:58,73.5959
28-02-2021 23:58,73.5959
01-03-2021 23:58,73.3094
02-03-2021 23:58,73.2775
03-03-2021 23:58,72.8807
04-03-2021 23:58,73.1318
05-03-2021 23:58,73.1334
06-03-2021 23:58,73.1334
07-03-2021 23:58,73.1334
08-03-2021 23:58,73.33
09-03-2021 23:58,72.7759
10-03-2021 23:58,72.706
11-03-2021 23:58,72.639
12-03-2021 23:58,72.689
13-03-2021 23:58,72.689
14-03-2021 23:58,72.683
15-03-2021 23:58,72.5153
16-03-2021 23:58,72.5156
17-03-2021 23:58,72.2956
18-03-2021 23:58,72.6688
19-03-2021 23:58,72.4418
20-03-2021 23:58,72.4418
21-03-2021 23:58,72.405
22-03-2021 23:58,72.3805
23-03-2021 23:58,72.6122
24-03-2021 23:58,72.6456
25-03-2021 23:58,72.6128
26-03-2021 23:58,72.4431
27-03-2021 23:58,72.4474
28-03-2021 23:58,72.4472
29-03-2021 23:58,72.7419
30-03-2021 23:58,73.4453
31-03-2021 23:58,73.2035
01-04-2021 23:58,73.2873
02-04-2021 23:58,73.3778
03-04-2021 23:58,73.37805
04-04-2021 23:58,73.376
05-04-2021 23:58,73.2795
06-04-2021 23:58,73.49
07-04-2021 23:58,74.4015
08-04-2021 23:58,74.5445
09-04-2021 23:58,74.7292
10-04-2021 23:58,74.71
11-04-2021 23:58,74.7295
12-04-2021 23:58,74.991
13-04-2021 23:58,75.1815
14-04-2021 23:58,75.0261
15-04-2021 23:58,74.7274
16-04-2021 23:58,74.5398
17-04-2021 23:58,74.533
18-04-2021 23:58,74.5632
19-04-2021 23:58,74.8782
20-04-2021 23:58,75.4492
21-04-2021 23:58,75.4295
22-04-2021 23:58,75.0917
23-04-2021 23:58,75.2115
24-04-2021 23:58,74.923
25-04-2021 23:58,74.8681
26-04-2021 23:58,74.8149
27-04-2021 23:58,74.575
28-04-2021 23:58,74.3118
29-04-2021 23:58,74.1058
30-04-2021 23:58,74.088
01-05-2021 23:58,74.088
02-05-2021 23:58,74.0948
03-05-2021 23:58,73.8375
04-05-2021 23:58,73.7789
05-05-2021 23:58,73.7994
06-05-2021 23:58,73.6152
07-05-2021 23:58,73.254
08-05-2021 23:58,73.247
09-05-2021 23:58,73.2903
10-05-2021 23:58,73.5
11-05-2021 23:58,73.3751
12-05-2021 23:58,73.6816
13-05-2021 23:58,73.4449
14-05-2021 23:58,73.2761
15-05-2021 23:58,73.2791
16-05-2021 23:58,73.2789
17-05-2021 23:58,73.2697
18-05-2021 23:58,73.1282
19-05-2021 23:58,73.2229
20-05-2021 23:58,73.0219
21-05-2021 23:58,72.903
22-05-2021 23:58,72.9105
23-05-2021 23:58,72.9098
24-05-2021 23:58,72.8366
25-05-2021 23:58,72.8049
26-05-2021 23:58,72.6725
27-05-2021 23:58,72.683
28-05-2021 23:58,72.3437
29-05-2021 23:58,72.3937
30-05-2021 23:58,72.3935
31-05-2021 23:58,72.4872
01-06-2021 23:58,72.855
02-06-2021 23:58,72.9651
03-06-2021 23:58,73.0442
04-06-2021 23:58,73.1468
05-06-2021 23:58,73.14705
06-06-2021 23:58,72.9097
07-06-2021 23:58,72.8094
08-06-2021 23:58,72.9753
09-06-2021 23:58,72.9853
10-06-2021 23:58,73.0123
11-06-2021 23:58,73.2288
12-06-2021 23:58,73.2318
13-06-2021 23:58,73.2316
14-06-2021 23:58,73.1808
15-06-2021 23:58,73.3447
16-06-2021 23:58,73.8241
17-06-2021 23:58,74.2539
18-06-2021 23:58,74.1396
19-06-2021 23:58,74.1441
20-06-2021 23:58,74.1439
21-06-2021 23:58,74.1352
22-06-2021 23:58,74.3322
23-06-2021 23:58,74.2469
24-06-2021 23:58,74.1903
25-06-2021 23:58,74.22
26-06-2021 23:58,74.225
27-06-2021 23:58,74.213
28-06-2021 23:58,74.2854
29-06-2021 23:58,74.2876
30-06-2021 23:58,74.371
01-07-2021 23:58,74.545
02-07-2021 23:58,74.7438
03-07-2021 23:58,74.511
04-07-2021 23:58,74.4818
05-07-2021 23:58,74.3178
06-07-2021 23:58,74.7629
07-07-2021 23:58,74.8219
08-07-2021 23:58,74.7214
09-07-2021 23:58,74.487
10-07-2021 23:58,74.48
11-07-2021 23:58,74.4905
12-07-2021 23:58,74.5417
13-07-2021 23:58,74.6591
14-07-2021 23:58,74.4691
15-07-2021 23:58,74.537
16-07-2021 23:58,74.9013
17-07-2021 23:58,74.603
18-07-2021 23:58,74.6318
19-07-2021 23:58,74.9934
20-07-2021 23:58,74.527
21-07-2021 23:58,74.4402
22-07-2021 23:58,74.452
23-07-2021 23:58,74.427
24-07-2021 23:58,74.42
25-07-2021 23:58,74.4489
26-07-2021 23:58,74.2895
27-07-2021 23:58,74.5023
28-07-2021 23:58,74.39
29-07-2021 23:58,74.252
30-07-2021 23:58,74.3778
31-07-2021 23:58,74.3793
01-08-2021 23:58,74.3791
02-08-2021 23:58,74.332
03-08-2021 23:58,74.2144
04-08-2021 23:58,74.184
05-08-2021 23:58,74.082
06-08-2021 23:58,74.2418
07-08-2021 23:58,74.203
08-08-2021 23:58,74.4914
09-08-2021 23:58,74.4662
10-08-2021 23:58,74.4355
11-08-2021 23:58,74.103
12-08-2021 23:58,74.2601
13-08-2021 23:58,74.214
14-08-2021 23:58,74.217
15-08-2021 23:58,74.2168
16-08-2021 23:58,74.135
17-08-2021 23:58,74.3645
18-08-2021 23:58,74.2698
19-08-2021 23:58,74.4293
20-08-2021 23:58,74.2978
21-08-2021 23:58,74.345
22-08-2021 23:58,74.3015
23-08-2021 23:58,74.1059
24-08-2021 23:58,74.1448
25-08-2021 23:58,74.1
26-08-2021 23:58,74.156
27-08-2021 23:58,73.4263
28-08-2021 23:58,73.4968
29-08-2021 23:58,73.4966
30-08-2021 23:58,73.4112
31-08-2021 23:58,72.9967
01-09-2021 23:58,72.9851
02-09-2021 23:58,73.0543
03-09-2021 23:58,72.9864
04-09-2021 23:58,72.99465
05-09-2021 23:58,72.9945
06-09-2021 23:58,73.11
07-09-2021 23:58,73.3904
08-09-2021 23:58,73.789
09-09-2021 23:58,73.538
10-09-2021 23:58,73.5201
11-09-2021 23:58,73.5261
12-09-2021 23:58,73.5243
13-09-2021 23:58,73.5408
14-09-2021 23:58,73.6508
15-09-2021 23:58,73.438
16-09-2021 23:58,73.5649
17-09-2021 23:58,73.69
18-09-2021 23:58,73.695
19-09-2021 23:58,73.6961
20-09-2021 23:58,73.659
21-09-2021 23:58,73.7927
22-09-2021 23:58,73.8749
23-09-2021 23:58,73.84
24-09-2021 23:58,74.0463
25-09-2021 23:58,74.04655
26-09-2021 23:58,73.8129
27-09-2021 23:58,73.8253
28-09-2021 23:58,74.1633
29-09-2021 23:58,74.322
30-09-2021 23:58,74.2544
01-10-2021 23:58,74.14
02-10-2021 23:58,74.145
03-10-2021 23:58,74.1521
04-10-2021 23:58,74.5728
05-10-2021 23:58,74.5632
06-10-2021 23:58,74.76
07-10-2021 23:58,74.83
08-10-2021 23:58,75.2985
09-10-2021 23:58,75.124
10-10-2021 23:58,75.3058
11-10-2021 23:58,75.4026
12-10-2021 23:58,75.4839
13-10-2021 23:58,75.3063
14-10-2021 23:58,74.99525
15-10-2021 23:58,75.035
16-10-2021 23:58,75.035
17-10-2021 23:58,75.00615
18-10-2021 23:58,75.23815
19-10-2021 23:58,75.12065
20-10-2021 23:58,74.80945
21-10-2021 23:58,74.86565
22-10-2021 23:58,74.9935
23-10-2021 23:58,74.9995
24-10-2021 23:58,74.99395
25-10-2021 23:58,75.09015
26-10-2021 23:58,74.88915
27-10-2021 23:58,75.05025
28-10-2021 23:58,74.79745
29-10-2021 23:58,74.9154
30-10-2021 23:58,74.92855
31-10-2021 23:58,74.92855
01-11-2021 23:58,74.83025
02-11-2021 23:58,74.71225
03-11-2021 23:58,74.43575
04-11-2021 23:58,74.47835
05-11-2021 23:58,74.19135
06-11-2021 23:58,74.19135
07-11-2021 23:58,74.19135
08-11-2021 23:58,73.91325
09-11-2021 23:58,74.17505
10-11-2021 23:58,74.40515
11-11-2021 23:58,74.32235
12-11-2021 23:58,74.34725
13-11-2021 23:58,74.345
14-11-2021 23:58,74.345
15-11-2021 23:58,74.43535
16-11-2021 23:58,74.45875
17-11-2021 23:58,74.26005
18-11-2021 23:58,74.17465
19-11-2021 23:58,74.31085
20-11-2021 23:58,74.31085
21-11-2021 23:58,74.31085
22-11-2021 23:58,74.43005
23-11-2021 23:58,74.44725
24-11-2021 23:58,74.62525
25-11-2021 23:58,74.50605
26-11-2021 23:58,75.053
27-11-2021 23:58,75.053
28-11-2021 23:58,75.053
29-11-2021 23:58,75.05515
30-11-2021 23:58,75.08025
01-12-2021 23:58,75.01815
02-12-2021 23:58,74.98375
03-12-2021 23:58,75.4725
04-12-2021 23:58,75.2415
05-12-2021 23:58,75.2415
06-12-2021 23:58,75.39155
07-12-2021 23:58,75.40835
08-12-2021 23:58,75.38385
09-12-2021 23:58,75.59945
10-12-2021 23:58,75.79255
11-12-2021 23:58,75.7175
12-12-2021 23:58,75.7175
13-12-2021 23:58,75.82865
14-12-2021 23:58,76.04585
15-12-2021 23:58,76.21165
16-12-2021 23:58,76.16775
17-12-2021 23:58,76.3125
18-12-2021 23:58,76.0135
19-12-2021 23:58,76.0135
20-12-2021 23:58,75.75895
21-12-2021 23:58,75.68665
22-12-2021 23:58,75.46475
23-12-2021 23:58,75.06765
24-12-2021 23:58,75.395
25-12-2021 23:58,75.395
26-12-2021 23:58,75.395
27-12-2021 23:58,74.98055
28-12-2021 23:58,74.71545
29-12-2021 23:58,74.57055
30-12-2021 23:58,74.43145
31-12-2021 23:58,74.51405
01-01-2022 23:58,74.51405
02-01-2022 23:58,74.51405
03-01-2022 23:58,74.40275
04-01-2022 23:58,74.53515
05-01-2022 23:58,74.43035
06-01-2022 23:58,74.41955
07-01-2022 23:58,74.46755
08-01-2022 23:58,74.2775
09-01-2022 23:58,74.2775
10-01-2022 23:58,74.05725
11-01-2022 23:58,73.81695
12-01-2022 23:58,73.79935
13-01-2022 23:58,73.97255
14-01-2022 23:58,74.3865
15-01-2022 23:58,74.3865
16-01-2022 23:58,74.3865
17-01-2022 23:58,74.25535
18-01-2022 23:58,74.61965
19-01-2022 23:58,74.44945
20-01-2022 23:58,74.45245
21-01-2022 23:58,74.42045
22-01-2022 23:58,74.42045
23-01-2022 23:58,74.42045
24-01-2022 23:58,74.64505
25-01-2022 23:58,74.7875
26-01-2022 23:58,74.9025
27-01-2022 23:58,75.20955
28-01-2022 23:58,75.00155
29-01-2022 23:58,75.00155
30-01-2022 23:58,75.0465
31-01-2022 23:58,74.55585
01-02-2022 23:58,74.74875
02-02-2022 23:58,74.82265
03-02-2022 23:58,74.64415
04-02-2022 23:58,74.64245
05-02-2022 23:58,74.64245
06-02-2022 23:58,74.64245
07-02-2022 23:58,74.65675
08-02-2022 23:58,74.69545
09-02-2022 23:58,74.80915
10-02-2022 23:58,75.53865
11-02-2022 23:58,75.6431
12-02-2022 23:58,75.3485
13-02-2022 23:58,75.3485
14-02-2022 23:58,75.68565
15-02-2022 23:58,75.175
16-02-2022 23:58,75.0495
17-02-2022 23:58,75.0705
18-02-2022 23:58,74.6844
19-02-2022 23:58,74.6844
20-02-2022 23:58,74.6844
21-02-2022 23:58,74.5245
22-02-2022 23:58,74.6305
23-02-2022 23:58,74.6405
24-02-2022 23:58,75.40855
25-02-2022 23:58,75.0554
26-02-2022 23:58,75.0755
27-02-2022 23:58,75.0755
28-02-2022 23:58,75.28505
01-03-2022 23:58,75.80365
02-03-2022 23:58,75.6385
03-03-2022 23:58,75.89195
04-03-2022 23:58,76.4255
05-03-2022 23:58,76.4255
06-03-2022 23:58,76.4255
07-03-2022 23:58,77.08105
08-03-2022 23:58,76.91475
09-03-2022 23:58,76.13515
10-03-2022 23:58,76.31055
11-03-2022 23:58,76.7592
12-03-2022 23:58,76.7592
13-03-2022 23:58,76.7592
14-03-2022 23:58,76.49035
15-03-2022 23:58,76.26615
16-03-2022 23:58,76.02445
17-03-2022 23:58,75.98185
18-03-2022 23:58,75.94665
19-03-2022 23:58,75.94665
20-03-2022 23:58,75.94665
21-03-2022 23:58,76.30735
22-03-2022 23:58,76.10215
23-03-2022 23:58,76.55265
24-03-2022 23:58,76.32375
25-03-2022 23:58,76.27625
26-03-2022 23:58,76.2855
27-03-2022 23:58,76.27875
28-03-2022 23:58,76.03435
29-03-2022 23:58,75.66695
30-03-2022 23:58,75.82805
31-03-2022 23:58,75.90945
01-04-2022 23:58,75.9536
02-04-2022 23:58,75.9955
03-04-2022 23:58,75.99505
04-04-2022 23:58,75.43965
05-04-2022 23:58,75.45095
06-04-2022 23:58,75.94535
07-04-2022 23:58,75.91345
08-04-2022 23:58,75.9175
09-04-2022 23:58,75.9175
10-04-2022 23:58,75.91755
11-04-2022 23:58,75.83725
12-04-2022 23:58,76.15005
13-04-2022 23:58,76.12195
14-04-2022 23:58,76.30905
15-04-2022 23:58,76.3316
16-04-2022 23:58,76.3316
17-04-2022 23:58,76.33165
18-04-2022 23:58,76.28045
19-04-2022 23:58,76.44565
20-04-2022 23:58,76.27645
21-04-2022 23:58,76.28545
22-04-2022 23:58,76.4637
23-04-2022 23:58,76.4755
24-04-2022 23:58,76.46375
25-04-2022 23:58,76.52805
26-04-2022 23:58,76.79435
27-04-2022 23:58,76.47245
28-04-2022 23:58,76.58925
29-04-2022 23:58,76.5233
30-04-2022 23:58,76.5233
01-05-2022 23:58,76.52335
02-05-2022 23:58,76.52435
03-05-2022 23:58,76.45725
04-05-2022 23:58,76.00185
05-05-2022 23:58,76.54205
06-05-2022 23:58,76.955
07-05-2022 23:58,76.955
08-05-2022 23:58,76.95775
09-05-2022 23:58,77.36575
10-05-2022 23:58,77.27165
11-05-2022 23:58,77.41865
12-05-2022 23:58,77.44405
13-05-2022 23:58,77.4865
14-05-2022 23:58,77.4865
15-05-2022 23:58,77.48655
16-05-2022 23:58,77.80565
17-05-2022 23:58,77.37265
18-05-2022 23:58,77.82025
19-05-2022 23:58,77.42135
20-05-2022 23:58,77.8186
21-05-2022 23:58,77.8186
22-05-2022 23:58,77.81865
23-05-2022 23:58,77.52705
24-05-2022 23:58,77.47905
25-05-2022 23:58,77.49755
26-05-2022 23:58,77.63045
27-05-2022 23:58,77.6922
28-05-2022 23:58,77.6922
29-05-2022 23:58,77.69225
30-05-2022 23:58,77.52115
31-05-2022 23:58,77.59925
01-06-2022 23:58,77.58435
02-06-2022 23:58,77.3799
03-06-2022 23:58,77.6944
04-06-2022 23:58,77.6145
05-06-2022 23:58,77.69445
06-06-2022 23:58,77.82125
07-06-2022 23:58,77.67085
08-06-2022 23:58,77.72455
09-06-2022 23:58,77.81895
10-06-2022 23:58,78.1778
11-06-2022 23:58,78.1435
12-06-2022 23:58,78.17785
13-06-2022 23:58,78.16085
14-06-2022 23:58,77.98575
15-06-2022 23:58,77.90045
16-06-2022 23:58,77.97795
17-06-2022 23:58,77.9617
18-06-2022 23:58,77.9515
19-06-2022 23:58,77.96165
20-06-2022 23:58,77.93425
21-06-2022 23:58,78.13515
22-06-2022 23:58,78.19335
23-06-2022 23:58,78.14265
24-06-2022 23:58,78.2525
25-06-2022 23:58,78.2525
26-06-2022 23:58,78.25255
27-06-2022 23:58,78.44135
28-06-2022 23:58,79.07345
29-06-2022 23:58,78.89855
30-06-2022 23:58,78.96325
01-07-2022 23:58,78.9509
02-07-2022 23:58,78.9509
03-07-2022 23:58,78.95095
04-07-2022 23:58,78.93975
05-07-2022 23:58,79.36865
06-07-2022 23:58,79.04415
07-07-2022 23:58,79.22185
08-07-2022 23:58,79.33265
09-07-2022 23:58,79.2905
10-07-2022 23:58,79.33165
11-07-2022 23:58,79.47805
12-07-2022 23:58,79.47665
13-07-2022 23:58,79.80775
14-07-2022 23:58,79.87835
15-07-2022 23:58,79.7207
16-07-2022 23:58,79.7855
17-07-2022 23:58,79.72075
18-07-2022 23:58,80.03055
19-07-2022 23:58,79.85615
20-07-2022 23:58,80.00365
21-07-2022 23:58,79.77615
22-07-2022 23:58,79.877
23-07-2022 23:58,79.8455
24-07-2022 23:58,79.87705
25-07-2022 23:58,79.72275
26-07-2022 23:58,79.84145
27-07-2022 23:58,79.84765
28-07-2022 23:58,79.57175
29-07-2022 23:58,79.195
30-07-2022 23:58,79.195
31-07-2022 23:58,79.19505
01-08-2022 23:58,78.95595
02-08-2022 23:58,78.60475
03-08-2022 23:58,79.11855
04-08-2022 23:58,79.15515
05-08-2022 23:58,79.6475
06-08-2022 23:58,79.3655
07-08-2022 23:58,79.41085
08-08-2022 23:58,79.60215
09-08-2022 23:58,79.57865
10-08-2022 23:58,79.09805
11-08-2022 23:58,79.61425
12-08-2022 23:58,79.63
13-08-2022 23:58,79.63
14-08-2022 23:58,79.62785
15-08-2022 23:58,79.55315
16-08-2022 23:58,79.15505
17-08-2022 23:58,79.35995
18-08-2022 23:58,79.76695
19-08-2022 23:58,79.918
20-08-2022 23:58,79.9255
21-08-2022 23:58,79.91815
22-08-2022 23:58,79.88405
23-08-2022 23:58,79.85475
24-08-2022 23:58,79.79705
25-08-2022 23:58,79.88315
26-08-2022 23:58,79.9593
27-08-2022 23:58,79.9715
28-08-2022 23:58,79.95935
29-08-2022 23:58,79.96805
30-08-2022 23:58,79.68255
31-08-2022 23:58,79.54905
01-09-2022 23:58,79.71705
02-09-2022 23:58,79.7124
03-09-2022 23:58,79.7123
04-09-2022 23:58,79.72475
05-09-2022 23:58,79.7905
06-09-2022 23:58,79.89515
07-09-2022 23:58,79.65005
08-09-2022 23:58,79.70655
09-09-2022 23:58,79.65605
10-09-2022 23:58,79.6555
11-09-2022 23:58,79.65605
12-09-2022 23:58,79.35555
13-09-2022 23:58,79.60265
14-09-2022 23:58,79.45395
15-09-2022 23:58,79.84935
16-09-2022 23:58,79.6896
17-09-2022 23:58,79.6505
18-09-2022 23:58,79.68975
19-09-2022 23:58,79.70775
20-09-2022 23:58,79.76295
21-09-2022 23:58,80.05095
22-09-2022 23:58,81.06245
23-09-2022 23:58,81.2364
24-09-2022 23:58,81.2555
25-09-2022 23:58,81.25505
26-09-2022 23:58,81.61605
27-09-2022 23:58,81.72485
28-09-2022 23:58,81.42895
29-09-2022 23:58,81.48085
30-09-2022 23:58,81.6384
01-10-2022 23:58,81.6384
02-10-2022 23:58,81.52155
03-10-2022 23:58,81.49525
04-10-2022 23:58,81.46575
05-10-2022 23:58,81.64905
06-10-2022 23:58,82.3565
07-10-2022 23:58,82.8246
08-10-2022 23:58,82.8325
09-10-2022 23:58,82.83255
10-10-2022 23:58,82.42095
11-10-2022 23:58,82.27415
12-10-2022 23:58,82.20025
13-10-2022 23:58,82.19235
14-10-2022 23:58,82.4183
15-10-2022 23:58,82.4183
16-10-2022 23:58,82.41305
17-10-2022 23:58,82.19495
18-10-2022 23:58,82.28665
19-10-2022 23:58,82.99725
20-10-2022 23:58,82.82595
21-10-2022 23:58,82.541
22-10-2022 23:58,82.5415
23-10-2022 23:58,82.54155
24-10-2022 23:58,82.76175
25-10-2022 23:58,82.44555
26-10-2022 23:58,82.04985
27-10-2022 23:58,82.44275
28-10-2022 23:58,82.2877
29-10-2022 23:58,82.2877
30-10-2022 23:58,82.2877
31-10-2022 23:58,82.72925
01-11-2022 23:58,82.68365
02-11-2022 23:58,82.88865
03-11-2022 23:58,82.68205
04-11-2022 23:58,81.94895
05-11-2022 23:58,81.9825
06-11-2022 23:58,81.9825
07-11-2022 23:58,81.82625
08-11-2022 23:58,81.40545
09-11-2022 23:58,81.34405
10-11-2022 23:58,80.48315
11-11-2022 23:58,80.54815
12-11-2022 23:58,80.5045
13-11-2022 23:58,80.5045
14-11-2022 23:58,80.99225
15-11-2022 23:58,81.07165
16-11-2022 23:58,81.49555
17-11-2022 23:58,81.52515
18-11-2022 23:58,81.5201
19-11-2022 23:58,81.52015
20-11-2022 23:58,81.52015
21-11-2022 23:58,81.72785
22-11-2022 23:58,81.71235
23-11-2022 23:58,81.63315
24-11-2022 23:58,81.65565
25-11-2022 23:58,81.6699
26-11-2022 23:58,81.66995
27-11-2022 23:58,81.66995
28-11-2022 23:58,81.65055
29-11-2022 23:58,81.63115
30-11-2022 23:58,81.30555
01-12-2022 23:58,81.16245
02-12-2022 23:58,81.4215
03-12-2022 23:58,81.4375
04-12-2022 23:58,81.42275
05-12-2022 23:58,81.89925
06-12-2022 23:58,82.37245
07-12-2022 23:58,82.25375
08-12-2022 23:58,82.27945
09-12-2022 23:58,82.4401
10-12-2022 23:58,82.4205
11-12-2022 23:58,82.4205
12-12-2022 23:58,82.64495
13-12-2022 23:58,82.40275
14-12-2022 23:58,82.50825
15-12-2022 23:58,82.85815
16-12-2022 23:58,82.6823
17-12-2022 23:58,82.7335
18-12-2022 23:58,82.7335
19-12-2022 23:58,82.58215
20-12-2022 23:58,82.63715
21-12-2022 23:58,82.87885
22-12-2022 23:58,82.87525
23-12-2022 23:58,82.60435
24-12-2022 23:58,82.60435
25-12-2022 23:58,82.60435
26-12-2022 23:58,82.90315
27-12-2022 23:58,82.77635
28-12-2022 23:58,82.8525
29-12-2022 23:58,82.8356
30-12-2022 23:58,82.75005
31-12-2022 23:58,82.75005
01-01-2023 23:58,82.75005
02-01-2023 23:58,82.70625
03-01-2023 23:58,82.78595
04-01-2023 23:58,82.66675
05-01-2023 23:58,82.64545
06-01-2023 23:58,82.2736
07-01-2023 23:58,82.27365
08-01-2023 23:58,82.27365
09-01-2023 23:58,82.18045
10-01-2023 23:58,81.63765
11-01-2023 23:58,81.63205
12-01-2023 23:58,81.11585
13-01-2023 23:58,81.28505
14-01-2023 23:58,81.2855
15-01-2023 23:58,81.2855
16-01-2023 23:58,81.65285
17-01-2023 23:58,81.52665
18-01-2023 23:58,81.43625
19-01-2023 23:58,81.24005
20-01-2023 23:58,80.97625
21-01-2023 23:58,80.97625
22-01-2023 23:58,80.97625
23-01-2023 23:58,81.48835
24-01-2023 23:58,81.60215
25-01-2023 23:58,81.50295
26-01-2023 23:58,81.44535
27-01-2023 23:58,81.51455
28-01-2023 23:58,81.5155
29-01-2023 23:58,81.5155
30-01-2023 23:58,81.58015
31-01-2023 23:58,81.76865
01-02-2023 23:58,81.71055
02-02-2023 23:58,82.04635
03-02-2023 23:58,82.4916
04-02-2023 23:58,82.2335
05-02-2023 23:58,82.2335
06-02-2023 23:58,82.75525
07-02-2023 23:58,82.74215
08-02-2023 23:58,82.65975
09-02-2023 23:58,82.53345
10-02-2023 23:58,82.49495
11-02-2023 23:58,82.5205
12-02-2023 23:58,82.5205
13-02-2023 23:58,82.59765
14-02-2023 23:58,82.86675
15-02-2023 23:58,82.7411
16-02-2023 23:58,82.69555
17-02-2023 23:58,82.81515
18-02-2023 23:58,82.7655
19-02-2023 23:58,82.7655
20-02-2023 23:58,82.69735
21-02-2023 23:58,82.86145
22-02-2023 23:58,82.83555
23-02-2023 23:58,82.61815
24-02-2023 23:58,82.9335
25-02-2023 23:58,82.9255
26-02-2023 23:58,82.9255
27-02-2023 23:58,82.65225
28-02-2023 23:58,82.63555
01-03-2023 23:58,82.42015
02-03-2023 23:58,82.35595
03-03-2023 23:58,81.71275
04-03-2023 23:58,81.71275
05-03-2023 23:58,81.71275
06-03-2023 23:58,81.85355
07-03-2023 23:58,82.07485
08-03-2023 23:58,81.96475
09-03-2023 23:58,82.01865
10-03-2023 23:58,82.01855
11-03-2023 23:58,81.9655
12-03-2023 23:58,81.9655
13-03-2023 23:58,82.41765
14-03-2023 23:58,82.30515
15-03-2023 23:58,82.71595
16-03-2023 23:58,82.62305
17-03-2023 23:58,82.53265
18-03-2023 23:58,82.5405
19-03-2023 23:58,82.5405
20-03-2023 23:58,82.52935
21-03-2023 23:58,82.67725
22-03-2023 23:58,82.52605
23-03-2023 23:58,82.26555
24-03-2023 23:58,82.34745
25-03-2023 23:58,82.34745
26-03-2023 23:58,82.33905
27-03-2023 23:58,82.21515
28-03-2023 23:58,82.16455
29-03-2023 23:58,82.25565
30-03-2023 23:58,82.10075
31-03-2023 23:58,82.18075
01-04-2023 23:58,82.18075
02-04-2023 23:58,82.18505
03-04-2023 23:58,82.14115
04-04-2023 23:58,82.11505
05-04-2023 23:58,81.95025
06-04-2023 23:58,81.83155
07-04-2023 23:58,81.87525
08-04-2023 23:58,81.8405
09-04-2023 23:58,81.88505
10-04-2023 23:58,81.98415
11-04-2023 23:58,82.07035
12-04-2023 23:58,81.96085
13-04-2023 23:58,81.68095
14-04-2023 23:58,81.84625
15-04-2023 23:58,81.8455
16-04-2023 23:58,81.84505
17-04-2023 23:58,82.00395
18-04-2023 23:58,82.10735
19-04-2023 23:58,82.34035
20-04-2023 23:58,82.14115
21-04-2023 23:58,82.04085
22-04-2023 23:58,82.04085
23-04-2023 23:58,82.05505
24-04-2023 23:58,81.85255
25-04-2023 23:58,81.99115
26-04-2023 23:58,81.76715
27-04-2023 23:58,81.76535
28-04-2023 23:58,81.74565
29-04-2023 23:58,81.7455
30-04-2023 23:58,81.74505
01-05-2023 23:58,81.77495
02-05-2023 23:58,81.77895
03-05-2023 23:58,81.78025
04-05-2023 23:58,81.70655
05-05-2023 23:58,81.72975
06-05-2023 23:58,81.72975
07-05-2023 23:58,81.73005
08-05-2023 23:58,81.78735
09-05-2023 23:58,82.10525
10-05-2023 23:58,81.92015
11-05-2023 23:58,82.10055
12-05-2023 23:58,82.2563
13-05-2023 23:58,82.2005
14-05-2023 23:58,82.20055
15-05-2023 23:58,82.26695
16-05-2023 23:58,82.29625
17-05-2023 23:58,82.45055
18-05-2023 23:58,82.72535
19-05-2023 23:58,82.8388
20-05-2023 23:58,82.9055
21-05-2023 23:58,82.90505
22-05-2023 23:58,82.82525
23-05-2023 23:58,82.89085
24-05-2023 23:58,82.71395
25-05-2023 23:58,82.74235
26-05-2023 23:58,82.56485
27-05-2023 23:58,82.5648
28-05-2023 23:58,82.57505
29-05-2023 23:58,82.57995
30-05-2023 23:58,82.68415
31-05-2023 23:58,82.66705
01-06-2023 23:58,82.27695
02-06-2023 23:58,82.41
03-06-2023 23:58,82.4035
04-06-2023 23:58,82.41005
05-06-2023 23:58,82.51145
06-06-2023 23:58,82.51745
07-06-2023 23:58,82.61835
08-06-2023 23:58,82.48855
09-06-2023 23:58,82.42535
10-06-2023 23:58,82.4455
11-06-2023 23:58,82.44505
12-06-2023 23:58,82.33745
13-06-2023 23:58,82.29065
14-06-2023 23:58,82.04525
15-06-2023 23:58,81.91295
16-06-2023 23:58,81.91155
17-06-2023 23:58,81.91155
18-06-2023 23:58,81.91505
19-06-2023 23:58,81.98165
20-06-2023 23:58,81.99205
21-06-2023 23:58,81.94175
22-06-2023 23:58,81.91955
23-06-2023 23:58,81.9578
24-06-2023 23:58,81.9855
25-06-2023 23:58,81.98505
26-06-2023 23:58,82.00675
27-06-2023 23:58,81.99865
28-06-2023 23:58,82.02675
29-06-2023 23:58,82.07565
30-06-2023 23:58,82.09625
01-07-2023 23:58,82.09625
02-07-2023 23:58,82.09655
03-07-2023 23:58,81.95035
04-07-2023 23:58,82.00735
05-07-2023 23:58,82.39435
06-07-2023 23:58,82.76865
07-07-2023 23:58,82.65395
08-07-2023 23:58,82.6155
09-07-2023 23:58,82.61555
10-07-2023 23:58,82.52555
11-07-2023 23:58,82.40015
12-07-2023 23:58,82.00205
13-07-2023 23:58,82.03105
14-07-2023 23:58,82.07735
15-07-2023 23:58,82.0775
16-07-2023 23:58,82.07705
17-07-2023 23:58,82.06155
18-07-2023 23:58,82.07565
19-07-2023 23:58,82.06195
20-07-2023 23:58,82.08265
21-07-2023 23:58,82.00305
22-07-2023 23:58,81.9905
23-07-2023 23:58,81.99055
24-07-2023 23:58,81.81445
25-07-2023 23:58,81.95035
26-07-2023 23:58,81.97575
27-07-2023 23:58,82.37495
28-07-2023 23:58,82.25975
29-07-2023 23:58,82.25975
30-07-2023 23:58,82.25305
31-07-2023 23:58,82.23355
01-08-2023 23:58,82.3075
02-08-2023 23:58,82.66355
03-08-2023 23:58,82.78455
04-08-2023 23:58,82.68375
05-08-2023 23:58,82.68375
06-08-2023 23:58,82.69555
07-08-2023 23:58,82.74855
08-08-2023 23:58,82.8525
09-08-2023 23:58,82.86655
10-08-2023 23:58,82.80015
11-08-2023 23:58,82.95665
12-08-2023 23:58,82.95665
13-08-2023 23:58,82.89755
14-08-2023 23:58,83.23365
15-08-2023 23:58,83.2005
16-08-2023 23:58,83.23725
17-08-2023 23:58,83.09855
18-08-2023 23:58,83.157
19-08-2023 23:58,83.157
20-08-2023 23:58,83.16755
21-08-2023 23:58,83.11375
22-08-2023 23:58,83.07355
23-08-2023 23:58,82.54495
24-08-2023 23:58,82.64165
25-08-2023 23:58,82.54825
26-08-2023 23:58,82.54825
27-08-2023 23:58,82.66455
28-08-2023 23:58,82.69175
29-08-2023 23:58,82.49495
30-08-2023 23:58,82.70065
31-08-2023 23:58,82.66055
01-09-2023 23:58,82.72395
02-09-2023 23:58,82.72395
03-09-2023 23:58,82.69725
04-09-2023 23:58,82.73485
05-09-2023 23:58,83.10175
06-09-2023 23:58,83.25765
07-09-2023 23:58,83.24175
08-09-2023 23:58,83.125
09-09-2023 23:58,83.125
10-09-2023 23:58,83.03155
11-09-2023 23:58,82.94355
12-09-2023 23:58,82.8575
13-09-2023 23:58,82.93705
14-09-2023 23:58,83.02855
15-09-2023 23:58,83.09035
16-09-2023 23:58,83.09035
17-09-2023 23:58,83.08605
18-09-2023 23:58,83.25515
19-09-2023 23:58,83.2025
20-09-2023 23:58,83.08725
21-09-2023 23:58,82.85655
22-09-2023 23:58,83.105
23-09-2023 23:58,83.105
24-09-2023 23:58,82.97505
25-09-2023 23:58,83.02555
26-09-2023 23:58,83.29895
27-09-2023 23:58,83.23615
28-09-2023 23:58,83.2005
29-09-2023 23:58,83.17755
30-09-2023 23:58,83.035
01-10-2023 23:58,83.03505
02-10-2023 23:58,83.35965
03-10-2023 23:58,83.23005
04-10-2023 23:58,83.45005
05-10-2023 23:58,83.22515
06-10-2023 23:58,83.10185
07-10-2023 23:58,83.12
08-10-2023 23:58,83.12485
09-10-2023 23:58,83.27055
10-10-2023 23:58,83.25055
11-10-2023 23:58,83.21825
12-10-2023 23:58,83.26265
13-10-2023 23:58,83.42315
14-10-2023 23:58,83.27955
15-10-2023 23:58,83.28255
16-10-2023 23:58,83.19975
17-10-2023 23:58,83.26455
18-10-2023 23:58,83.26885
19-10-2023 23:58,83.12255
20-10-2023 23:58,83.23965
21-10-2023 23:58,83.23965
22-10-2023 23:58,83.16005
23-10-2023 23:58,83.02965
24-10-2023 23:58,83.0166
25-10-2023 23:58,83.17125
26-10-2023 23:58,83.28275
27-10-2023 23:58,83.41365
28-10-2023 23:58,83.41365
29-10-2023 23:58,83.41365
30-10-2023 23:58,83.29675
31-10-2023 23:58,83.27745
01-11-2023 23:58,85.2015
02-11-2023 23:58,83.24755
03-11-2023 23:58,83.15875
04-11-2023 23:58,83.15875
05-11-2023 23:58,83.15875
06-11-2023 23:58,83.22305
07-11-2023 23:58,83.23285
08-11-2023 23:58,83.21795
09-11-2023 23:58,83.31965
10-11-2023 23:58,83.29915
11-11-2023 23:58,83.29915
12-11-2023 23:58,83.29915
13-11-2023 23:58,83.19785
14-11-2023 23:58,83.0233
15-11-2023 23:58,83.18645
16-11-2023 23:58,83.14045
17-11-2023 23:58,83.29175
18-11-2023 23:58,83.29175
19-11-2023 23:58,83.29175
20-11-2023 23:58,83.32245
21-11-2023 23:58,83.34595
22-11-2023 23:58,83.54855
23-11-2023 23:58,83.34425
24-11-2023 23:58,83.31475
25-11-2023 23:58,83.31475
26-11-2023 23:58,83.31475
27-11-2023 23:58,83.36475
28-11-2023 23:58,83.41835
29-11-2023 23:58,83.26335
30-11-2023 23:58,83.35295
01-12-2023 23:58,83.21885
02-12-2023 23:58,83.21885
03-12-2023 23:58,83.21885
04-12-2023 23:58,83.41735
05-12-2023 23:58,83.31615
06-12-2023 23:58,83.28985
07-12-2023 23:58,83.35465
08-12-2023 23:58,83.43035
09-12-2023 23:58,83.43035
10-12-2023 23:58,83.43035
11-12-2023 23:58,83.34375
12-12-2023 23:58,83.39625
13-12-2023 23:58,83.28355
14-12-2023 23:58,83.29735
15-12-2023 23:58,83.0419
16-12-2023 23:58,83.04195
17-12-2023 23:58,83.04195
18-12-2023 23:58,83.11145
19-12-2023 23:58,83.09185
20-12-2023 23:58,83.26745
21-12-2023 23:58,83.17185
22-12-2023 23:58,83.33525
23-12-2023 23:58,83.1725
24-12-2023 23:58,83.1725
25-12-2023 23:58,83.17255
26-12-2023 23:58,83.18305
27-12-2023 23:58,83.26745
28-12-2023 23:58,82.891
29-12-2023 23:58,83.24885
30-12-2023 23:58,83.24885
31-12-2023 23:58,83.24885
01-01-2024 23:58,83.20285
02-01-2024 23:58,83.25725
03-01-2024 23:58,83.31835
04-01-2024 23:58,83.2335
05-01-2024 23:58,83.19135
06-01-2024 23:58,83.19135
07-01-2024 23:58,83.19135
08-01-2024 23:58,83.05095
09-01-2024 23:58,83.15635
10-01-2024 23:58,83.02585
11-01-2024 23:58,83.07635
12-01-2024 23:58,82.87235
13-01-2024 23:58,82.87235
14-01-2024 23:58,82.87235
15-01-2024 23:58,82.84795
16-01-2024 23:58,83.08925
17-01-2024 23:58,83.17785
18-01-2024 23:58,83.16085
19-01-2024 23:58,83.12495
20-01-2024 23:58,83.12495
21-01-2024 23:58,83.12495
22-01-2024 23:58,83.09535
23-01-2024 23:58,83.22165
24-01-2024 23:58,83.11675
25-01-2024 23:58,83.14635
26-01-2024 23:58,83.12155
27-01-2024 23:58,83.12155
28-01-2024 23:58,83.12155
29-01-2024 23:58,83.18935
30-01-2024 23:58,83.10995
31-01-2024 23:58,83.05385
01-02-2024 23:58,82.92785
02-02-2024 23:58,82.99955
03-02-2024 23:58,82.99955
04-02-2024 23:58,82.99955
05-02-2024 23:58,83.1193
06-02-2024 23:58,83.07085
07-02-2024 23:58,83.01285
08-02-2024 23:58,82.98555
09-02-2024 23:58,83.01475
10-02-2024 23:58,83.01475
11-02-2024 23:58,83.01475
12-02-2024 23:58,82.98385
13-02-2024 23:58,83.06035
14-02-2024 23:58,83.04335
15-02-2024 23:58,83.00565
16-02-2024 23:58,82.9885
17-02-2024 23:58,83.01625
18-02-2024 23:58,83.01625
19-02-2024 23:58,83.02125
20-02-2024 23:58,82.83385
21-02-2024 23:58,82.93865
22-02-2024 23:58,82.87255
23-02-2024 23:58,82.88915
24-02-2024 23:58,82.88205
25-02-2024 23:58,82.88205
26-02-2024 23:58,82.85305
27-02-2024 23:58,82.94845
28-02-2024 23:58,82.91245
29-02-2024 23:58,82.91065
01-03-2024 23:58,82.84635
02-03-2024 23:58,82.84635
03-03-2024 23:58,82.84635
04-03-2024 23:58,82.91035
05-03-2024 23:58,82.89235
06-03-2024 23:58,82.81935
07-03-2024 23:58,82.75255
08-03-2024 23:58,82.75235
09-03-2024 23:58,82.75235
10-03-2024 23:58,82.75235
11-03-2024 23:58,82.77855
12-03-2024 23:58,82.83535
13-03-2024 23:58,82.83085
14-03-2024 23:58,82.96585
15-03-2024 23:58,82.88915
16-03-2024 23:58,82.88915
